mean_fit_time,std_fit_time,mean_score_time,std_score_time,param_DT__class_weight,param_DT__criterion,param_DT__max_depth,params,split0_test_score,split1_test_score,split2_test_score,split3_test_score,split4_test_score,mean_test_score,std_test_score,rank_test_score,split0_train_score,split1_train_score,split2_train_score,split3_train_score,split4_train_score,mean_train_score,std_train_score
0.026800918579101562,0.005945599630957201,0.0015025138854980469,6.685930346043056e-06,balanced,gini,1,"{'DT__class_weight': 'balanced', 'DT__criterion': 'gini', 'DT__max_depth': 1}",0.7708984072985928,0.7908303695685789,0.7661666924385342,0.8026441935982681,0.7757383640018555,0.781255605381166,0.01352430858502481,197,0.7880586052265344,0.7870998917581566,0.7919901036029071,0.784125173960105,0.790851631359208,0.7884250811813822,0.002792030242529064
0.033001375198364255,0.00824727325741109,0.0015002250671386718,0.00031658563802232484,balanced,gini,2,"{'DT__class_weight': 'balanced', 'DT__criterion': 'gini', 'DT__max_depth': 2}",0.8453146745013144,0.829534560074223,0.7948121230864388,0.8477423844131746,0.8079171176743465,0.8250641719498993,0.020753681479980246,194,0.844344363692593,0.8234556208442864,0.8221644502860677,0.8424404669862378,0.8293006803772999,0.832341116437297,0.009357730958988732
0.035199975967407225,0.005598750356385992,0.0017006397247314453,0.0002445067792937384,balanced,gini,3,"{'DT__class_weight': 'balanced', 'DT__criterion': 'gini', 'DT__max_depth': 3}",0.8855883717334159,0.8811968455234266,0.8686949126333694,0.8860213391062316,0.8556749652079788,0.8754352868408845,0.01169827465351366,189,0.8767937219730939,0.8794069893304469,0.8758717334158033,0.8899219112416886,0.8867152466367711,0.8817419205195607,0.005586445918981028
0.03869786262512207,0.0018607472827874328,0.001502656936645508,0.0004472407591510487,balanced,gini,4,"{'DT__class_weight': 'balanced', 'DT__criterion': 'gini', 'DT__max_depth': 4}",0.9041286531622081,0.888603680222669,0.8789546930570589,0.8955079635070358,0.8671408690273695,0.8868671717952683,0.012863683940296584,185,0.9019502860677283,0.8976148136693985,0.8956162053502396,0.9082244471934434,0.9058334621926702,0.901847842894696,0.004760432356049
0.04520058631896973,0.00651615039484789,0.0016990184783935546,0.00024485494749045515,balanced,gini,5,"{'DT__class_weight': 'balanced', 'DT__criterion': 'gini', 'DT__max_depth': 5}",0.9283516313592084,0.891193752899335,0.9059378382557599,0.9152466367713006,0.9004175042523582,0.9082294727075924,0.012732918355896693,167,0.9209370650997369,0.9161763568888202,0.9190640946342971,0.9260476264110097,0.9256610483995669,0.9215772382866861,0.0038093859773146365
0.0507014274597168,0.0031690642247497076,0.0030989646911621094,0.0031971934337743846,balanced,gini,6,"{'DT__class_weight': 'balanced', 'DT__criterion': 'gini', 'DT__max_depth': 6}",0.9249884026596568,0.9208520179372196,0.91214628111953,0.9197309417040358,0.9147286222359672,0.9184892531312818,0.00455497598906348,39,0.9368872738518632,0.9335704345136847,0.9309842276171332,0.9343687181073139,0.9363093397247563,0.9344239987629503,0.00210646092392099
0.0543006420135498,0.007046218976814103,0.002298450469970703,0.0018608891638910944,balanced,gini,7,"{'DT__class_weight': 'balanced', 'DT__criterion': 'gini', 'DT__max_depth': 7}",0.9180068037730014,0.924818308334622,0.9049868563476109,0.9221431884954385,0.9222282356579558,0.9184366785217257,0.007069962228842208,40,0.9459834544611101,0.9463507035719808,0.9411125715169321,0.9438070202566878,0.9457263800835006,0.9445960259780423,0.0019513347569795937
0.06200032234191895,0.008044764241516988,0.0022003650665283203,0.0011665482080517164,balanced,gini,8,"{'DT__class_weight': 'balanced', 'DT__criterion': 'gini', 'DT__max_depth': 8}",0.9202489562393691,0.9208520179372198,0.9025746095562084,0.9158496984691511,0.9243853409618061,0.9167821246327508,0.007604140380681676,50,0.9536357661976185,0.9548438224833771,0.9520855883717335,0.950877532085975,0.9513955466213081,0.9525676511520025,0.0014686416644496551
0.07169718742370605,0.015898214393378587,0.003901243209838867,0.004067040441832556,balanced,gini,9,"{'DT__class_weight': 'balanced', 'DT__criterion': 'gini', 'DT__max_depth': 9}",0.9254213700324726,0.9243002937992888,0.8980052574609555,0.9175738364001856,0.9266274934281737,0.9183856502242151,0.010662380523210719,41,0.9584641255605378,0.9589608783052419,0.9579693057058914,0.9564384567805783,0.9587250657182618,0.9581115664141023,0.0008990599525351173
0.06829557418823243,0.009705857329193024,0.0016021728515625,0.0004895906800122129,balanced,gini,10,"{'DT__class_weight': 'balanced', 'DT__criterion': 'gini', 'DT__max_depth': 10}",0.9288696458945417,0.9221431884954384,0.9019715478583579,0.9131745786299674,0.9271455079635069,0.9186608937683625,0.0099696298354754,38,0.9631842430802533,0.9631629812896243,0.9633156796041441,0.9629677593938457,0.961850548940776,0.9628962424617289,0.000534529903065688
0.09389915466308593,0.008248356475800293,0.002003049850463867,0.0007804208138440333,balanced,gini,11,"{'DT__class_weight': 'balanced', 'DT__criterion': 'gini', 'DT__max_depth': 11}",0.9150765424462657,0.9288696458945417,0.8923998762950364,0.9142106077006338,0.9163677130044843,0.9133848770681923,0.011769360187422221,67,0.9672587753208597,0.9675390443791556,0.9692844441008196,0.971116823875058,0.9654283284366783,0.9681254832225141,0.0019318926605560538
0.07889881134033203,0.009398886537640183,0.0015012264251708985,0.000316959638296711,balanced,gini,12,"{'DT__class_weight': 'balanced', 'DT__criterion': 'gini', 'DT__max_depth': 12}",0.9207669707747025,0.9288696458945417,0.8979202102984382,0.9199010360290707,0.9283516313592083,0.9191618988711922,0.011251874941058611,34,0.9703842585433738,0.9739832998299056,0.9759026596567189,0.9745225761558683,0.9717643420442243,0.9733114272460182,0.00197962466606306
0.07429966926574708,0.007433499870675849,0.0014996051788330079,1.4572817602096679e-06,balanced,gini,13,"{'DT__class_weight': 'balanced', 'DT__criterion': 'gini', 'DT__max_depth': 13}",0.9202489562393691,0.9306788309880936,0.8996443482294727,0.9124864697695996,0.9278336168238751,0.918178444410082,0.011222123994280157,43,0.9756204577083653,0.9776693211690118,0.9774760321632906,0.9770875212617905,0.9767434668316064,0.976919359826813,0.0007236973721489693
0.08519878387451171,0.017374096390531755,0.0013005256652832032,0.00024446531959297293,balanced,gini,14,"{'DT__class_weight': 'balanced', 'DT__criterion': 'gini', 'DT__max_depth': 14}",0.916282665841967,0.9266274934281739,0.8990412865316219,0.9204190505644038,0.9311968455234266,0.9187134683779186,0.011084033991381217,36,0.978703417349621,0.9803425081181382,0.9793296737281583,0.9785101283438998,0.9820879078398019,0.9797947270759237,0.0013127198881207553
0.09290194511413574,0.014696642678748373,0.0032981395721435546,0.0025611722090670146,balanced,gini,15,"{'DT__class_weight': 'balanced', 'DT__criterion': 'gini', 'DT__max_depth': 15}",0.913955466213082,0.9300757692902428,0.8951600432967372,0.9181768980980362,0.9290397402195762,0.9172815834235349,0.012674167624564017,47,0.9814191278800061,0.9823256533168392,0.9796099427864544,0.9789411628266584,0.9862262254522961,0.9817044224524508,0.0025665724996637674
0.10640072822570801,0.021318478414983796,0.002598428726196289,0.0024581419092167263,balanced,gini,16,"{'DT__class_weight': 'balanced', 'DT__criterion': 'gini', 'DT__max_depth': 16}",0.9174037420751509,0.9243853409618062,0.890505644038967,0.9221431884954383,0.9317999072212771,0.9172475645585279,0.01415514300302281,48,0.9821304314210606,0.984631591155095,0.9800835008504715,0.9803425081181382,0.9887699087675892,0.983191588062471,0.0032278409768797794
0.11420049667358398,0.025489166267712204,0.0020005226135253905,0.0006328250959377268,balanced,gini,17,"{'DT__class_weight': 'balanced', 'DT__criterion': 'gini', 'DT__max_depth': 17}",0.9173186949126333,0.9239523735889904,0.8899876295036339,0.9125715169321169,0.9381784444100818,0.9164017318694913,0.01577627060451691,51,0.9825614659038192,0.9870882944178135,0.9833384877068193,0.9831220040204114,0.9919166537807327,0.9856053811659192,0.003538434169395387
0.10980010032653809,0.028614633841456603,0.006800365447998047,0.010351238966880387,balanced,gini,18,"{'DT__class_weight': 'balanced', 'DT__criterion': 'gini', 'DT__max_depth': 18}",0.9269754136384722,0.927315602288542,0.8968841812277718,0.9164527601670016,0.9311968455234266,0.9197649605690427,0.01244340429480751,31,0.9851264110097415,0.9894812123086438,0.9856231637544456,0.9872177980516469,0.9943520952528218,0.98836013607546,0.003358967643520362
0.11680016517639161,0.03937460829667255,0.0014998435974121094,0.0005471607676926654,balanced,gini,19,"{'DT__class_weight': 'balanced', 'DT__criterion': 'gini', 'DT__max_depth': 19}",0.9229240760785528,0.9199860831915881,0.8860213391062315,0.9103293644657493,0.9335240451523117,0.9145569815988867,0.016071020832966527,59,0.986398252667388,0.9911840884490488,0.9869162672027215,0.9909038193907529,0.9960549713932272,0.9902914798206277,0.0034910979047541517
0.1130002498626709,0.028600727936849292,0.001898956298828125,0.0008607928699301286,balanced,gini,20,"{'DT__class_weight': 'balanced', 'DT__criterion': 'gini', 'DT__max_depth': 20}",0.925939384567806,0.9199010360290707,0.8831761249420131,0.9062780269058295,0.9239523735889902,0.9118493892067419,0.015893617450198495,74,0.989222205040977,0.9923264264728621,0.9874980671099428,0.9935982681305088,0.996615509509819,0.9918520952528219,0.003219879153141565
0.09879918098449707,0.003852487096663412,0.0019999027252197267,0.00044723597515566047,balanced,gini,21,"{'DT__class_weight': 'balanced', 'DT__criterion': 'gini', 'DT__max_depth': 21}",0.9258543374052886,0.9177439307252204,0.8848152157105302,0.9124864697695996,0.9210221122622544,0.9123844131745785,0.014455754543061515,72,0.9917871501468996,0.994243853409618,0.9896319777331064,0.9951503788464512,0.9971760476264109,0.9935978815524973,0.0026320312030182866
0.10870084762573243,0.007277194807531426,0.0018989086151123048,0.00037395203147816446,balanced,gini,22,"{'DT__class_weight': 'balanced', 'DT__criterion': 'gini', 'DT__max_depth': 22}",0.9224911087057369,0.9199010360290708,0.8881784444100819,0.9159347456316683,0.9237822792639554,0.9140575228081026,0.013214337442658838,63,0.9924984536879541,0.9948913715787846,0.9926279573217877,0.996443482294727,0.9977365857430027,0.9948395701252511,0.002065912606714216
0.140800142288208,0.03256193818573765,0.001600027084350586,0.0004902227367581249,balanced,gini,23,"{'DT__class_weight': 'balanced', 'DT__criterion': 'gini', 'DT__max_depth': 23}",0.9225761558682544,0.9160197927941859,0.8865393536415648,0.9125715169321169,0.9102443173032316,0.9095902273078706,0.012252610752356976,120,0.9936407917117672,0.9960549713932272,0.99418006803773,0.9985773929178908,0.9981676202257613,0.9961241688572754,0.0020072608260696847
0.109100341796875,0.008974143901100736,0.0015002250671386718,0.0005478571675922494,balanced,gini,24,"{'DT__class_weight': 'balanced', 'DT__criterion': 'gini', 'DT__max_depth': 24}",0.916715633214783,0.9136925931653007,0.8830910777794958,0.9086052265347145,0.9101592701407143,0.9064527601670017,0.012015667078129321,173,0.9960337096025976,0.9973268130508737,0.9948913715787846,0.9994394618834079,0.998878923766816,0.997314055976496,0.0017014705840144684
0.11640033721923829,0.017103788883200664,0.0015001773834228515,0.00031582820256030445,balanced,gini,25,"{'DT__class_weight': 'balanced', 'DT__criterion': 'gini', 'DT__max_depth': 25}",0.916715633214783,0.9170558218648523,0.8802458636152776,0.9188650069584041,0.9140405133755992,0.9093845678057833,0.014650688014200873,143,0.9974563166847068,0.9980381165919282,0.9962927168702644,0.999719730941704,0.9994394618834079,0.9981892685944022,0.0012698245649294508
0.11249942779541015,0.01981894070904493,0.0014002323150634766,0.00020051130074402515,balanced,gini,26,"{'DT__class_weight': 'balanced', 'DT__criterion': 'gini', 'DT__max_depth': 26}",0.9189577856811506,0.9080021648368641,0.8881784444100819,0.9188650069584041,0.9140405133755992,0.90960878305242,0.011441699185199345,119,0.9984478892840574,0.9997197309417041,0.9962927168702644,0.999719730941704,0.9994394618834079,0.9987239059842276,0.0013024761543570346
0.115199613571167,0.011223116607243075,0.0027996063232421874,0.0033557005285197623,balanced,gini,27,"{'DT__class_weight': 'balanced', 'DT__criterion': 'gini', 'DT__max_depth': 27}",0.9236121849389209,0.9080021648368641,0.890505644038967,0.9188650069584041,0.9140405133755992,0.9110051028297511,0.011481949108970924,81,0.998878923766816,0.9997197309417041,0.9974350548940777,0.999719730941704,0.9994394618834079,0.999038580485542,0.0008585362395763773
0.09729933738708496,0.007187636967673303,0.0019003391265869141,0.0008007768560761837,balanced,gini,28,"{'DT__class_weight': 'balanced', 'DT__criterion': 'gini', 'DT__max_depth': 28}",0.9196458945415186,0.9080021648368641,0.8893845678057832,0.9188650069584041,0.9140405133755992,0.9099876295036339,0.011108051160888276,116,0.999159192825112,0.9997197309417041,0.9977153239523737,0.999719730941704,0.9994394618834079,0.9991506881088604,0.0007471749963714051
0.11810150146484374,0.02676454635051358,0.002498769760131836,0.0020013371704748935,balanced,gini,29,"{'DT__class_weight': 'balanced', 'DT__criterion': 'gini', 'DT__max_depth': 29}",0.9196458945415186,0.9080021648368641,0.8842972011751972,0.9188650069584041,0.9140405133755992,0.9089701561775168,0.013017524338297662,147,0.999159192825112,0.9997197309417041,0.9990084274006495,0.999719730941704,0.9994394618834079,0.9994093087985154,0.0002887548849105682
0.10829906463623047,0.010604284696146438,0.0018017292022705078,0.0006783471234168814,balanced,gini,30,"{'DT__class_weight': 'balanced', 'DT__criterion': 'gini', 'DT__max_depth': 30}",0.9196458945415186,0.9080021648368641,0.8871424153394155,0.9188650069584041,0.9140405133755992,0.9095391990103603,0.011944506790249918,122,0.999159192825112,0.9997197309417041,0.9994394618834079,0.999719730941704,0.9994394618834079,0.9994955156950672,0.00020973415845149479
0.16189937591552733,0.044880674161442195,0.0015019416809082032,0.00031569078153793076,balanced,gini,31,"{'DT__class_weight': 'balanced', 'DT__criterion': 'gini', 'DT__max_depth': 31}",0.9196458945415186,0.9080021648368641,0.8871424153394155,0.9188650069584041,0.9140405133755992,0.9095391990103603,0.011944506790249918,122,0.999159192825112,0.9997197309417041,0.9994394618834079,0.999719730941704,0.9994394618834079,0.9994955156950672,0.00020973415845149479
0.13679904937744142,0.034781748654936794,0.0022006511688232424,0.0016613653635175927,balanced,gini,32,"{'DT__class_weight': 'balanced', 'DT__criterion': 'gini', 'DT__max_depth': 32}",0.9196458945415186,0.9080021648368641,0.8871424153394155,0.9188650069584041,0.9140405133755992,0.9095391990103603,0.011944506790249918,122,0.999159192825112,0.9997197309417041,0.9994394618834079,0.999719730941704,0.9994394618834079,0.9994955156950672,0.00020973415845149479
0.15410070419311522,0.02647057649090618,0.0014001846313476563,0.00019882642339647997,balanced,gini,33,"{'DT__class_weight': 'balanced', 'DT__criterion': 'gini', 'DT__max_depth': 33}",0.9196458945415186,0.9080021648368641,0.8871424153394155,0.9188650069584041,0.9140405133755992,0.9095391990103603,0.011944506790249918,122,0.999159192825112,0.9997197309417041,0.9994394618834079,0.999719730941704,0.9994394618834079,0.9994955156950672,0.00020973415845149479
0.13859930038452148,0.025094538670122218,0.0014006614685058594,0.0003739604769054477,balanced,gini,34,"{'DT__class_weight': 'balanced', 'DT__criterion': 'gini', 'DT__max_depth': 34}",0.9196458945415186,0.9080021648368641,0.8871424153394155,0.9188650069584041,0.9140405133755992,0.9095391990103603,0.011944506790249918,122,0.999159192825112,0.9997197309417041,0.9994394618834079,0.999719730941704,0.9994394618834079,0.9994955156950672,0.00020973415845149479
0.11409935951232911,0.032333163489737686,0.0012010574340820313,0.0002447755945695849,balanced,gini,35,"{'DT__class_weight': 'balanced', 'DT__criterion': 'gini', 'DT__max_depth': 35}",0.9196458945415186,0.9080021648368641,0.8871424153394155,0.9188650069584041,0.9140405133755992,0.9095391990103603,0.011944506790249918,122,0.999159192825112,0.9997197309417041,0.9994394618834079,0.999719730941704,0.9994394618834079,0.9994955156950672,0.00020973415845149479
0.1384979248046875,0.0532492830774731,0.009900856018066406,0.015808701903372024,balanced,gini,36,"{'DT__class_weight': 'balanced', 'DT__criterion': 'gini', 'DT__max_depth': 36}",0.9196458945415186,0.9080021648368641,0.8871424153394155,0.9188650069584041,0.9140405133755992,0.9095391990103603,0.011944506790249918,122,0.999159192825112,0.9997197309417041,0.9994394618834079,0.999719730941704,0.9994394618834079,0.9994955156950672,0.00020973415845149479
0.12819948196411132,0.040462703756212734,0.0014009475708007812,0.00037531158754419816,balanced,gini,37,"{'DT__class_weight': 'balanced', 'DT__criterion': 'gini', 'DT__max_depth': 37}",0.9196458945415186,0.9080021648368641,0.8871424153394155,0.9188650069584041,0.9140405133755992,0.9095391990103603,0.011944506790249918,122,0.999159192825112,0.9997197309417041,0.9994394618834079,0.999719730941704,0.9994394618834079,0.9994955156950672,0.00020973415845149479
0.11889986991882324,0.048359506481425965,0.0015003681182861328,6.397441799640054e-07,balanced,gini,38,"{'DT__class_weight': 'balanced', 'DT__criterion': 'gini', 'DT__max_depth': 38}",0.9196458945415186,0.9080021648368641,0.8871424153394155,0.9188650069584041,0.9140405133755992,0.9095391990103603,0.011944506790249918,122,0.999159192825112,0.9997197309417041,0.9994394618834079,0.999719730941704,0.9994394618834079,0.9994955156950672,0.00020973415845149479
0.13589935302734374,0.04539631275552275,0.0015002250671386718,0.0003156019632379768,balanced,gini,39,"{'DT__class_weight': 'balanced', 'DT__criterion': 'gini', 'DT__max_depth': 39}",0.9196458945415186,0.9080021648368641,0.8871424153394155,0.9188650069584041,0.9140405133755992,0.9095391990103603,0.011944506790249918,122,0.999159192825112,0.9997197309417041,0.9994394618834079,0.999719730941704,0.9994394618834079,0.9994955156950672,0.00020973415845149479
0.09409961700439454,0.004993882768312622,0.001600790023803711,0.00020084454689362025,balanced,gini,40,"{'DT__class_weight': 'balanced', 'DT__criterion': 'gini', 'DT__max_depth': 40}",0.9196458945415186,0.9080021648368641,0.8871424153394155,0.9188650069584041,0.9140405133755992,0.9095391990103603,0.011944506790249918,122,0.999159192825112,0.9997197309417041,0.9994394618834079,0.999719730941704,0.9994394618834079,0.9994955156950672,0.00020973415845149479
0.11229777336120605,0.024622438207294883,0.003900909423828125,0.003337614846074368,balanced,gini,41,"{'DT__class_weight': 'balanced', 'DT__criterion': 'gini', 'DT__max_depth': 41}",0.9196458945415186,0.9080021648368641,0.8871424153394155,0.9188650069584041,0.9140405133755992,0.9095391990103603,0.011944506790249918,122,0.999159192825112,0.9997197309417041,0.9994394618834079,0.999719730941704,0.9994394618834079,0.9994955156950672,0.00020973415845149479
0.12110066413879395,0.034205314017173735,0.0016016483306884766,0.0003762815768217559,balanced,gini,42,"{'DT__class_weight': 'balanced', 'DT__criterion': 'gini', 'DT__max_depth': 42}",0.9196458945415186,0.9080021648368641,0.8871424153394155,0.9188650069584041,0.9140405133755992,0.9095391990103603,0.011944506790249918,122,0.999159192825112,0.9997197309417041,0.9994394618834079,0.999719730941704,0.9994394618834079,0.9994955156950672,0.00020973415845149479
0.11850032806396485,0.024940169851777685,0.0019006729125976562,0.0007996563834664976,balanced,gini,43,"{'DT__class_weight': 'balanced', 'DT__criterion': 'gini', 'DT__max_depth': 43}",0.9196458945415186,0.9080021648368641,0.8871424153394155,0.9188650069584041,0.9140405133755992,0.9095391990103603,0.011944506790249918,122,0.999159192825112,0.9997197309417041,0.9994394618834079,0.999719730941704,0.9994394618834079,0.9994955156950672,0.00020973415845149479
0.11779990196228027,0.02322990003287867,0.0017003536224365235,0.0002456169363478007,balanced,gini,44,"{'DT__class_weight': 'balanced', 'DT__criterion': 'gini', 'DT__max_depth': 44}",0.9196458945415186,0.9080021648368641,0.8871424153394155,0.9188650069584041,0.9140405133755992,0.9095391990103603,0.011944506790249918,122,0.999159192825112,0.9997197309417041,0.9994394618834079,0.999719730941704,0.9994394618834079,0.9994955156950672,0.00020973415845149479
0.11139979362487792,0.009292172029404907,0.0015006065368652344,8.792442757885826e-07,balanced,gini,45,"{'DT__class_weight': 'balanced', 'DT__criterion': 'gini', 'DT__max_depth': 45}",0.9196458945415186,0.9080021648368641,0.8871424153394155,0.9188650069584041,0.9140405133755992,0.9095391990103603,0.011944506790249918,122,0.999159192825112,0.9997197309417041,0.9994394618834079,0.999719730941704,0.9994394618834079,0.9994955156950672,0.00020973415845149479
0.1287997245788574,0.01942389659781738,0.0016005992889404296,0.0002002281527834378,balanced,gini,46,"{'DT__class_weight': 'balanced', 'DT__criterion': 'gini', 'DT__max_depth': 46}",0.9196458945415186,0.9080021648368641,0.8871424153394155,0.9188650069584041,0.9140405133755992,0.9095391990103603,0.011944506790249918,122,0.999159192825112,0.9997197309417041,0.9994394618834079,0.999719730941704,0.9994394618834079,0.9994955156950672,0.00020973415845149479
0.10410003662109375,0.008593965825740329,0.002101564407348633,0.0010674947358317655,balanced,gini,47,"{'DT__class_weight': 'balanced', 'DT__criterion': 'gini', 'DT__max_depth': 47}",0.9196458945415186,0.9080021648368641,0.8871424153394155,0.9188650069584041,0.9140405133755992,0.9095391990103603,0.011944506790249918,122,0.999159192825112,0.9997197309417041,0.9994394618834079,0.999719730941704,0.9994394618834079,0.9994955156950672,0.00020973415845149479
0.10379986763000489,0.011512408138493998,0.0016004085540771485,0.00037450842010990933,balanced,gini,48,"{'DT__class_weight': 'balanced', 'DT__criterion': 'gini', 'DT__max_depth': 48}",0.9196458945415186,0.9080021648368641,0.8871424153394155,0.9188650069584041,0.9140405133755992,0.9095391990103603,0.011944506790249918,122,0.999159192825112,0.9997197309417041,0.9994394618834079,0.999719730941704,0.9994394618834079,0.9994955156950672,0.00020973415845149479
0.10560088157653809,0.012650229589760234,0.0014997959136962891,2.7869490044026297e-06,balanced,gini,49,"{'DT__class_weight': 'balanced', 'DT__criterion': 'gini', 'DT__max_depth': 49}",0.9196458945415186,0.9080021648368641,0.8871424153394155,0.9188650069584041,0.9140405133755992,0.9095391990103603,0.011944506790249918,122,0.999159192825112,0.9997197309417041,0.9994394618834079,0.999719730941704,0.9994394618834079,0.9994955156950672,0.00020973415845149479
0.11640233993530273,0.01735532686102699,0.002298116683959961,0.0015983584601440685,balanced,gini,50,"{'DT__class_weight': 'balanced', 'DT__criterion': 'gini', 'DT__max_depth': 50}",0.9196458945415186,0.9080021648368641,0.8871424153394155,0.9188650069584041,0.9140405133755992,0.9095391990103603,0.011944506790249918,122,0.999159192825112,0.9997197309417041,0.9994394618834079,0.999719730941704,0.9994394618834079,0.9994955156950672,0.00020973415845149479
0.02290067672729492,0.0027829792726169933,0.0015992164611816407,0.00020056048630311593,balanced,entropy,1,"{'DT__class_weight': 'balanced', 'DT__criterion': 'entropy', 'DT__max_depth': 1}",0.7708984072985928,0.7908303695685789,0.7661666924385342,0.8026441935982681,0.7757383640018555,0.781255605381166,0.01352430858502481,197,0.7880586052265344,0.7870998917581566,0.7919901036029071,0.784125173960105,0.790851631359208,0.7884250811813822,0.002792030242529064
0.03580288887023926,0.010592228047048194,0.0012990474700927735,0.0002432712521012041,balanced,entropy,2,"{'DT__class_weight': 'balanced', 'DT__criterion': 'entropy', 'DT__max_depth': 2}",0.7894309571671563,0.829534560074223,0.8024586361527756,0.847556826967682,0.8109942786454306,0.8159950518014534,0.020461462999617697,196,0.808402273078707,0.8234556208442864,0.8213197773310653,0.8197908612958094,0.8289314983763721,0.820380006185248,0.006742162503300237
0.042597627639770506,0.0028009300885993836,0.0014010906219482423,0.00019998772119212752,balanced,entropy,3,"{'DT__class_weight': 'balanced', 'DT__criterion': 'entropy', 'DT__max_depth': 3}",0.8286145044069895,0.8664527601670018,0.8399953610638625,0.8713700324725527,0.8431730323179217,0.8499211380856656,0.01631796689980997,192,0.8499942013298281,0.8655501005102829,0.8439152620998918,0.8646223132828205,0.874557368176898,0.8597278490799442,0.011158412375632124
0.0510007381439209,0.007049061794462408,0.0014999866485595702,0.0003162091101273104,balanced,entropy,4,"{'DT__class_weight': 'balanced', 'DT__criterion': 'entropy', 'DT__max_depth': 4}",0.8805087366630586,0.8942167929488171,0.865424462656564,0.8885263646203804,0.8716251739601051,0.880060306169785,0.010560688654243875,188,0.8857681305087366,0.8931614349775784,0.8841097108396473,0.8932039585588372,0.9010920828823255,0.8914670635534249,0.006085017217186724
0.06370062828063965,0.011910038720550183,0.0014011859893798828,0.0001984849205192987,balanced,entropy,5,"{'DT__class_weight': 'balanced', 'DT__criterion': 'entropy', 'DT__max_depth': 5}",0.8786995515695069,0.9115432194216793,0.8750734498221742,0.9069738673264263,0.890930879851554,0.8926441935982681,0.014619386090937925,184,0.8909424771918971,0.9179236895005412,0.9032008659347456,0.9088719653626102,0.9187606308953146,0.9079399257770218,0.010285950045823129
0.06409907341003418,0.007073259787763074,0.00150146484375,0.0003180203073283407,balanced,entropy,6,"{'DT__class_weight': 'balanced', 'DT__criterion': 'entropy', 'DT__max_depth': 6}",0.9104221431884956,0.9105071903510129,0.8786995515695066,0.9097340343281273,0.9042137003247256,0.9027153239523736,0.012234157060869496,181,0.9135688882016388,0.9279457244471934,0.9189403896706354,0.9281428792330293,0.9290242770991185,0.9235244317303231,0.006184698444721071
0.06510004997253419,0.009608629342499167,0.0015995502471923828,0.00019919948617685052,balanced,entropy,7,"{'DT__class_weight': 'balanced', 'DT__criterion': 'entropy', 'DT__max_depth': 7}",0.9182696768207826,0.9093861141178291,0.8920596876449667,0.909386114117829,0.9139554662130819,0.9086114117828978,0.008910677871503,164,0.9330562857584658,0.9381823101901964,0.9432928715014689,0.9340671872583887,0.9393922993660119,0.9375981908149063,0.003717157427860937
0.08879952430725098,0.016743271866193014,0.0014995574951171876,0.0003165876489924788,balanced,entropy,8,"{'DT__class_weight': 'balanced', 'DT__criterion': 'entropy', 'DT__max_depth': 8}",0.9240451523117367,0.9152466367713007,0.8936987784134839,0.9100742229781968,0.9097263027678986,0.9105582186485233,0.009889850403419678,85,0.9402311736508425,0.9444758002164836,0.9503208597494973,0.9462231328282047,0.9457051182928713,0.94539121694758,0.003242099037885273
0.07129945755004882,0.00283970511225874,0.0018009185791015626,0.0006784936114806706,balanced,entropy,9,"{'DT__class_weight': 'balanced', 'DT__criterion': 'entropy', 'DT__max_depth': 9}",0.9258543374052884,0.9155017782588526,0.8986083191588063,0.9191278800061853,0.9214550796350703,0.9161094788928406,0.00937345562853664,52,0.9544127880006184,0.9599911087057368,0.9596915107468686,0.9575827276944487,0.9576697077470232,0.9578695685789391,0.0019945906740330165
0.08450007438659668,0.015242413757451783,0.001600360870361328,0.0004900576503788772,balanced,entropy,10,"{'DT__class_weight': 'balanced', 'DT__criterion': 'entropy', 'DT__max_depth': 10}",0.9297355806401734,0.9188650069584045,0.8935209525282203,0.9174037420751506,0.9266274934281737,0.9172305551260244,0.012724187945966815,49,0.9666131900417503,0.9657897788773775,0.967904360599969,0.9645449976805319,0.9683392608628418,0.9666383176124942,0.0013855475816003395
0.08119893074035645,0.01386742605048687,0.0012987136840820312,0.00024348873225408285,balanced,entropy,11,"{'DT__class_weight': 'balanced', 'DT__criterion': 'entropy', 'DT__max_depth': 11}",0.9235271377764033,0.9177439307252204,0.8934359053657028,0.9118834080717487,0.9231792175661049,0.913953919901036,0.011103087311673034,64,0.9721741147363536,0.971416421833926,0.9749748724292562,0.9754716251739601,0.9704731714860056,0.9729020411319004,0.0019766507546404026
0.085198974609375,0.01610857044798228,0.0013998985290527345,0.00020034553661898579,balanced,entropy,12,"{'DT__class_weight': 'balanced', 'DT__criterion': 'entropy', 'DT__max_depth': 12}",0.9366321323643112,0.9276635224988403,0.8894696149683006,0.9192129271687025,0.9203340034018864,0.9186624400804083,0.0158697670019428,37,0.9784463429720115,0.9785971083964743,0.9808373279727849,0.9801279573217875,0.9762061233957011,0.9788429720117519,0.001599961067199245
0.08969917297363281,0.025716034261157712,0.0018012046813964844,0.0009269400922947167,balanced,entropy,13,"{'DT__class_weight': 'balanced', 'DT__criterion': 'entropy', 'DT__max_depth': 13}",0.9325807948043916,0.9215401267975878,0.8958481521571053,0.9122235967218184,0.9161048399567033,0.9156595020875213,0.012044959541283968,56,0.9807522808102674,0.9843068656254832,0.9837038039276326,0.9855129890211844,0.9810731405597647,0.9830698159888666,0.0018579025296835733
0.08870019912719726,0.014934140340717297,0.002100515365600586,0.0014618268321804143,balanced,entropy,14,"{'DT__class_weight': 'balanced', 'DT__criterion': 'entropy', 'DT__max_depth': 14}",0.9366321323643112,0.9288696458945417,0.8872274625019329,0.9138626874903355,0.9224833771455079,0.9178150610793258,0.017025284936196965,45,0.9874342817380546,0.9885553579712385,0.9869800525746094,0.9886172104530694,0.9851901963816296,0.9873554198237203,0.001254374702997399
0.09530000686645508,0.025936016170317634,0.001500415802001953,0.00031545386995816767,balanced,entropy,15,"{'DT__class_weight': 'balanced', 'DT__criterion': 'entropy', 'DT__max_depth': 15}",0.941889593319932,0.9243853409618062,0.8928328436678521,0.9189500541209216,0.9190351012834389,0.9194185866707901,0.015727575164811478,32,0.9910333230245861,0.9948701097881552,0.9890714396165146,0.991980439152621,0.9858145198701097,0.9905539662903973,0.0030184081933383707
0.09539980888366699,0.02811750463748357,0.0014996528625488281,0.00031605502812409917,balanced,entropy,16,"{'DT__class_weight': 'balanced', 'DT__criterion': 'entropy', 'DT__max_depth': 16}",0.9373202412246792,0.9238673264264728,0.8929178908303695,0.9173109633524044,0.917658883562703,0.9178150610793259,0.014402982751329408,44,0.9932967372815832,0.9961632132364311,0.991356115664141,0.9935538116591929,0.9891158960878302,0.9926971547858358,0.0023550253136124123
0.0975985050201416,0.02266002432888476,0.00250096321105957,0.002026077468242186,balanced,entropy,17,"{'DT__class_weight': 'balanced', 'DT__criterion': 'entropy', 'DT__max_depth': 17}",0.9344750270604609,0.9192129271687027,0.8980052574609555,0.9194680686562549,0.9257615586825421,0.9193845678057831,0.012045740466074623,33,0.9942883098809338,0.9978660893768362,0.9929082263800835,0.9957747023349313,0.9970465439925775,0.9955767743930725,0.0018012024060249964
0.07709884643554688,0.005238506975340116,0.0012006759643554688,0.00024499060704634895,balanced,entropy,18,"{'DT__class_weight': 'balanced', 'DT__criterion': 'entropy', 'DT__max_depth': 18}",0.9338719653626102,0.9255064171949899,0.8980052574609555,0.9154167310963351,0.9217102211226225,0.9189021184475026,0.012036820538004101,35,0.9954306479047471,0.9985773929178908,0.9937702953456007,0.9967237513530232,0.9929739446420286,0.995495206432658,0.0020171982168232243
0.08559985160827636,0.009795244609010295,0.0014009952545166015,0.00020018021451029266,balanced,entropy,19,"{'DT__class_weight': 'balanced', 'DT__criterion': 'entropy', 'DT__max_depth': 19}",0.9396474408535643,0.9216251739601052,0.8865393536415648,0.9240374207515076,0.9195531158187722,0.9182805010051028,0.017378118799502157,42,0.9967450131436522,0.9992886964589454,0.9947618679449513,0.9976070821091697,0.9936833152930259,0.996417194989949,0.001999150950177715
0.08269929885864258,0.006653844493238847,0.0018004417419433595,0.0005107443201850671,balanced,entropy,20,"{'DT__class_weight': 'balanced', 'DT__criterion': 'entropy', 'DT__max_depth': 20}",0.9373202412246792,0.9210221122622546,0.8923998762950364,0.9261945260553578,0.9229163445183238,0.9199706200711304,0.014897484355326469,29,0.9975858203185402,0.9994394618834079,0.9964860058759857,0.9988576619761868,0.9952354260089684,0.9975208752126179,0.0015340419901510507
0.09119739532470703,0.015511984325884248,0.0015995025634765625,0.0001998202255346755,balanced,entropy,21,"{'DT__class_weight': 'balanced', 'DT__criterion': 'entropy', 'DT__max_depth': 21}",0.9424926550177828,0.9255064171949902,0.8866244008040823,0.9216251739601051,0.9235194062161743,0.9199536106386269,0.01824931468527857,30,0.9987281583423535,0.9997197309417041,0.9964647440853563,0.9994394618834079,0.9994394618834079,0.9987583114272459,0.0011927799236197197
0.07789859771728516,0.008703650644055063,0.0013025283813476562,0.0002465138995561611,balanced,entropy,22,"{'DT__class_weight': 'balanced', 'DT__criterion': 'entropy', 'DT__max_depth': 22}",0.9333539508272771,0.9255064171949902,0.8842972011751971,0.9222282356579558,0.9235194062161743,0.9177810422143189,0.01718179771115716,46,0.9987281583423535,0.9997197309417041,0.9977578475336324,0.999719730941704,0.9994394618834079,0.9990729859285604,0.0007509138314822524
0.08590197563171387,0.006762893992963544,0.0014984130859375,2.8705438505730457e-06,balanced,entropy,23,"{'DT__class_weight': 'balanced', 'DT__criterion': 'entropy', 'DT__max_depth': 23}",0.9350780887583116,0.9255064171949902,0.8980052574609555,0.9222282356579558,0.9235194062161743,0.9208674810576775,0.012288423231825508,1,0.999159192825112,0.9997197309417041,0.9994394618834079,0.999719730941704,0.9994394618834079,0.9994955156950672,0.00020973415845149479
0.08519921302795411,0.015266704603261804,0.0015021800994873048,0.0004494913154354297,balanced,entropy,24,"{'DT__class_weight': 'balanced', 'DT__criterion': 'entropy', 'DT__max_depth': 24}",0.9350780887583116,0.9255064171949902,0.8980052574609555,0.9222282356579558,0.9235194062161743,0.9208674810576775,0.012288423231825508,1,0.999159192825112,0.9997197309417041,0.9994394618834079,0.999719730941704,0.9994394618834079,0.9994955156950672,0.00020973415845149479
0.08279900550842285,0.013585877583514417,0.0014004707336425781,0.00020003401195733747,balanced,entropy,25,"{'DT__class_weight': 'balanced', 'DT__criterion': 'entropy', 'DT__max_depth': 25}",0.9350780887583116,0.9255064171949902,0.8980052574609555,0.9222282356579558,0.9235194062161743,0.9208674810576775,0.012288423231825508,1,0.999159192825112,0.9997197309417041,0.9994394618834079,0.999719730941704,0.9994394618834079,0.9994955156950672,0.00020973415845149479
0.08500032424926758,0.012518710119204008,0.0018004417419433595,0.0008720397975292523,balanced,entropy,26,"{'DT__class_weight': 'balanced', 'DT__criterion': 'entropy', 'DT__max_depth': 26}",0.9350780887583116,0.9255064171949902,0.8980052574609555,0.9222282356579558,0.9235194062161743,0.9208674810576775,0.012288423231825508,1,0.999159192825112,0.9997197309417041,0.9994394618834079,0.999719730941704,0.9994394618834079,0.9994955156950672,0.00020973415845149479
0.0816995620727539,0.011612513306838318,0.0034023284912109374,0.0037990340967739137,balanced,entropy,27,"{'DT__class_weight': 'balanced', 'DT__criterion': 'entropy', 'DT__max_depth': 27}",0.9350780887583116,0.9255064171949902,0.8980052574609555,0.9222282356579558,0.9235194062161743,0.9208674810576775,0.012288423231825508,1,0.999159192825112,0.9997197309417041,0.9994394618834079,0.999719730941704,0.9994394618834079,0.9994955156950672,0.00020973415845149479
0.08599915504455566,0.006992933230728614,0.0014009475708007812,0.00020063084218088672,balanced,entropy,28,"{'DT__class_weight': 'balanced', 'DT__criterion': 'entropy', 'DT__max_depth': 28}",0.9350780887583116,0.9255064171949902,0.8980052574609555,0.9222282356579558,0.9235194062161743,0.9208674810576775,0.012288423231825508,1,0.999159192825112,0.9997197309417041,0.9994394618834079,0.999719730941704,0.9994394618834079,0.9994955156950672,0.00020973415845149479
0.08040080070495606,0.0044883912529834445,0.0027994632720947264,0.0014691690882452785,balanced,entropy,29,"{'DT__class_weight': 'balanced', 'DT__criterion': 'entropy', 'DT__max_depth': 29}",0.9350780887583116,0.9255064171949902,0.8980052574609555,0.9222282356579558,0.9235194062161743,0.9208674810576775,0.012288423231825508,1,0.999159192825112,0.9997197309417041,0.9994394618834079,0.999719730941704,0.9994394618834079,0.9994955156950672,0.00020973415845149479
0.08980026245117187,0.012507682739192979,0.0014006614685058594,0.0005831027594355904,balanced,entropy,30,"{'DT__class_weight': 'balanced', 'DT__criterion': 'entropy', 'DT__max_depth': 30}",0.9350780887583116,0.9255064171949902,0.8980052574609555,0.9222282356579558,0.9235194062161743,0.9208674810576775,0.012288423231825508,1,0.999159192825112,0.9997197309417041,0.9994394618834079,0.999719730941704,0.9994394618834079,0.9994955156950672,0.00020973415845149479
0.07829947471618652,0.003429017669406553,0.001500844955444336,0.00031703482289253623,balanced,entropy,31,"{'DT__class_weight': 'balanced', 'DT__criterion': 'entropy', 'DT__max_depth': 31}",0.9350780887583116,0.9255064171949902,0.8980052574609555,0.9222282356579558,0.9235194062161743,0.9208674810576775,0.012288423231825508,1,0.999159192825112,0.9997197309417041,0.9994394618834079,0.999719730941704,0.9994394618834079,0.9994955156950672,0.00020973415845149479
0.08099961280822754,0.005167341998155658,0.001600503921508789,0.0004900280572669552,balanced,entropy,32,"{'DT__class_weight': 'balanced', 'DT__criterion': 'entropy', 'DT__max_depth': 32}",0.9350780887583116,0.9255064171949902,0.8980052574609555,0.9222282356579558,0.9235194062161743,0.9208674810576775,0.012288423231825508,1,0.999159192825112,0.9997197309417041,0.9994394618834079,0.999719730941704,0.9994394618834079,0.9994955156950672,0.00020973415845149479
0.08729944229125977,0.01932442861813509,0.0018010616302490234,0.0005096780849511477,balanced,entropy,33,"{'DT__class_weight': 'balanced', 'DT__criterion': 'entropy', 'DT__max_depth': 33}",0.9350780887583116,0.9255064171949902,0.8980052574609555,0.9222282356579558,0.9235194062161743,0.9208674810576775,0.012288423231825508,1,0.999159192825112,0.9997197309417041,0.9994394618834079,0.999719730941704,0.9994394618834079,0.9994955156950672,0.00020973415845149479
0.08609929084777831,0.02008291049701206,0.0015012264251708985,1.2489128926953122e-06,balanced,entropy,34,"{'DT__class_weight': 'balanced', 'DT__criterion': 'entropy', 'DT__max_depth': 34}",0.9350780887583116,0.9255064171949902,0.8980052574609555,0.9222282356579558,0.9235194062161743,0.9208674810576775,0.012288423231825508,1,0.999159192825112,0.9997197309417041,0.9994394618834079,0.999719730941704,0.9994394618834079,0.9994955156950672,0.00020973415845149479
0.08379950523376464,0.008273665952703766,0.0019011497497558594,0.0005834374364955993,balanced,entropy,35,"{'DT__class_weight': 'balanced', 'DT__criterion': 'entropy', 'DT__max_depth': 35}",0.9350780887583116,0.9255064171949902,0.8980052574609555,0.9222282356579558,0.9235194062161743,0.9208674810576775,0.012288423231825508,1,0.999159192825112,0.9997197309417041,0.9994394618834079,0.999719730941704,0.9994394618834079,0.9994955156950672,0.00020973415845149479
0.08809924125671387,0.018929793925318288,0.0021009922027587892,0.0005822456120640244,balanced,entropy,36,"{'DT__class_weight': 'balanced', 'DT__criterion': 'entropy', 'DT__max_depth': 36}",0.9350780887583116,0.9255064171949902,0.8980052574609555,0.9222282356579558,0.9235194062161743,0.9208674810576775,0.012288423231825508,1,0.999159192825112,0.9997197309417041,0.9994394618834079,0.999719730941704,0.9994394618834079,0.9994955156950672,0.00020973415845149479
0.08999929428100586,0.01348358358057246,0.0016002655029296875,0.00020003372778836702,balanced,entropy,37,"{'DT__class_weight': 'balanced', 'DT__criterion': 'entropy', 'DT__max_depth': 37}",0.9350780887583116,0.9255064171949902,0.8980052574609555,0.9222282356579558,0.9235194062161743,0.9208674810576775,0.012288423231825508,1,0.999159192825112,0.9997197309417041,0.9994394618834079,0.999719730941704,0.9994394618834079,0.9994955156950672,0.00020973415845149479
0.08750338554382324,0.015710281005217167,0.0016974449157714845,0.0002461842688018255,balanced,entropy,38,"{'DT__class_weight': 'balanced', 'DT__criterion': 'entropy', 'DT__max_depth': 38}",0.9350780887583116,0.9255064171949902,0.8980052574609555,0.9222282356579558,0.9235194062161743,0.9208674810576775,0.012288423231825508,1,0.999159192825112,0.9997197309417041,0.9994394618834079,0.999719730941704,0.9994394618834079,0.9994955156950672,0.00020973415845149479
0.09129958152770996,0.01556517014791789,0.0015008926391601562,0.00031726199696713943,balanced,entropy,39,"{'DT__class_weight': 'balanced', 'DT__criterion': 'entropy', 'DT__max_depth': 39}",0.9350780887583116,0.9255064171949902,0.8980052574609555,0.9222282356579558,0.9235194062161743,0.9208674810576775,0.012288423231825508,1,0.999159192825112,0.9997197309417041,0.9994394618834079,0.999719730941704,0.9994394618834079,0.9994955156950672,0.00020973415845149479
0.0887002944946289,0.02363314422909642,0.0017009258270263671,0.000400877580271336,balanced,entropy,40,"{'DT__class_weight': 'balanced', 'DT__criterion': 'entropy', 'DT__max_depth': 40}",0.9350780887583116,0.9255064171949902,0.8980052574609555,0.9222282356579558,0.9235194062161743,0.9208674810576775,0.012288423231825508,1,0.999159192825112,0.9997197309417041,0.9994394618834079,0.999719730941704,0.9994394618834079,0.9994955156950672,0.00020973415845149479
0.09240083694458008,0.013731095385679832,0.0013988494873046875,0.0001993480686968241,balanced,entropy,41,"{'DT__class_weight': 'balanced', 'DT__criterion': 'entropy', 'DT__max_depth': 41}",0.9350780887583116,0.9255064171949902,0.8980052574609555,0.9222282356579558,0.9235194062161743,0.9208674810576775,0.012288423231825508,1,0.999159192825112,0.9997197309417041,0.9994394618834079,0.999719730941704,0.9994394618834079,0.9994955156950672,0.00020973415845149479
0.09520020484924316,0.019064149867203676,0.0016005516052246093,0.0003751713246347102,balanced,entropy,42,"{'DT__class_weight': 'balanced', 'DT__criterion': 'entropy', 'DT__max_depth': 42}",0.9350780887583116,0.9255064171949902,0.8980052574609555,0.9222282356579558,0.9235194062161743,0.9208674810576775,0.012288423231825508,1,0.999159192825112,0.9997197309417041,0.9994394618834079,0.999719730941704,0.9994394618834079,0.9994955156950672,0.00020973415845149479
0.081298828125,0.007036134397467364,0.001399993896484375,0.00019908114107117702,balanced,entropy,43,"{'DT__class_weight': 'balanced', 'DT__criterion': 'entropy', 'DT__max_depth': 43}",0.9350780887583116,0.9255064171949902,0.8980052574609555,0.9222282356579558,0.9235194062161743,0.9208674810576775,0.012288423231825508,1,0.999159192825112,0.9997197309417041,0.9994394618834079,0.999719730941704,0.9994394618834079,0.9994955156950672,0.00020973415845149479
0.08460030555725098,0.01146503720673086,0.0014003753662109376,0.00019974870765338855,balanced,entropy,44,"{'DT__class_weight': 'balanced', 'DT__criterion': 'entropy', 'DT__max_depth': 44}",0.9350780887583116,0.9255064171949902,0.8980052574609555,0.9222282356579558,0.9235194062161743,0.9208674810576775,0.012288423231825508,1,0.999159192825112,0.9997197309417041,0.9994394618834079,0.999719730941704,0.9994394618834079,0.9994955156950672,0.00020973415845149479
0.08790025711059571,0.01694755076511399,0.0014000415802001953,0.00037443467136468773,balanced,entropy,45,"{'DT__class_weight': 'balanced', 'DT__criterion': 'entropy', 'DT__max_depth': 45}",0.9350780887583116,0.9255064171949902,0.8980052574609555,0.9222282356579558,0.9235194062161743,0.9208674810576775,0.012288423231825508,1,0.999159192825112,0.9997197309417041,0.9994394618834079,0.999719730941704,0.9994394618834079,0.9994955156950672,0.00020973415845149479
0.08320069313049316,0.008436063528525087,0.0020003318786621094,0.0007749107344479729,balanced,entropy,46,"{'DT__class_weight': 'balanced', 'DT__criterion': 'entropy', 'DT__max_depth': 46}",0.9350780887583116,0.9255064171949902,0.8980052574609555,0.9222282356579558,0.9235194062161743,0.9208674810576775,0.012288423231825508,1,0.999159192825112,0.9997197309417041,0.9994394618834079,0.999719730941704,0.9994394618834079,0.9994955156950672,0.00020973415845149479
0.07539982795715332,0.003941511956060422,0.001399850845336914,0.00019960819218183283,balanced,entropy,47,"{'DT__class_weight': 'balanced', 'DT__criterion': 'entropy', 'DT__max_depth': 47}",0.9350780887583116,0.9255064171949902,0.8980052574609555,0.9222282356579558,0.9235194062161743,0.9208674810576775,0.012288423231825508,1,0.999159192825112,0.9997197309417041,0.9994394618834079,0.999719730941704,0.9994394618834079,0.9994955156950672,0.00020973415845149479
0.10440011024475097,0.03246547041494473,0.002201271057128906,0.0013997796476795537,balanced,entropy,48,"{'DT__class_weight': 'balanced', 'DT__criterion': 'entropy', 'DT__max_depth': 48}",0.9350780887583116,0.9255064171949902,0.8980052574609555,0.9222282356579558,0.9235194062161743,0.9208674810576775,0.012288423231825508,1,0.999159192825112,0.9997197309417041,0.9994394618834079,0.999719730941704,0.9994394618834079,0.9994955156950672,0.00020973415845149479
0.08440008163452148,0.010618624066044885,0.0022006988525390624,0.0009809134761581614,balanced,entropy,49,"{'DT__class_weight': 'balanced', 'DT__criterion': 'entropy', 'DT__max_depth': 49}",0.9350780887583116,0.9255064171949902,0.8980052574609555,0.9222282356579558,0.9235194062161743,0.9208674810576775,0.012288423231825508,1,0.999159192825112,0.9997197309417041,0.9994394618834079,0.999719730941704,0.9994394618834079,0.9994955156950672,0.00020973415845149479
0.08820066452026368,0.012037952058999308,0.0021999359130859377,0.0007490493966263266,balanced,entropy,50,"{'DT__class_weight': 'balanced', 'DT__criterion': 'entropy', 'DT__max_depth': 50}",0.9350780887583116,0.9255064171949902,0.8980052574609555,0.9222282356579558,0.9235194062161743,0.9208674810576775,0.012288423231825508,1,0.999159192825112,0.9997197309417041,0.9994394618834079,0.999719730941704,0.9994394618834079,0.9994955156950672,0.00020973415845149479
0.023700428009033204,0.0038676533752753962,0.0015033721923828126,4.298416553396964e-06,,gini,1,"{'DT__class_weight': None, 'DT__criterion': 'gini', 'DT__max_depth': 1}",0.7380933972475646,0.7503324570898408,0.7728081026751199,0.7637853718880468,0.7351631359208286,0.7520364929642802,0.014501860296440901,200,0.7601399412401421,0.7546891912787999,0.7915841966908922,0.7475993505489407,0.7557890057213543,0.7619603370960257,0.015349786483240759
0.026801204681396483,0.0057324371014375085,0.0013998985290527345,0.00019950974967400192,,gini,2,"{'DT__class_weight': None, 'DT__criterion': 'gini', 'DT__max_depth': 2}",0.8217179526828515,0.8430957167156332,0.8026596567187259,0.8441317457862996,0.8236121849389206,0.8270434513684861,0.015390834908919853,193,0.8421911241688572,0.8347997525900727,0.8278780732951909,0.8326445801762795,0.8385070357198081,0.8352041131900417,0.004901289563778461
0.04240269660949707,0.009973626987991415,0.002095603942871094,0.000971640028541829,,gini,3,"{'DT__class_weight': None, 'DT__criterion': 'gini', 'DT__max_depth': 3}",0.8295654863151384,0.8761945260553581,0.8715401267975877,0.8543064790474717,0.8524818308334621,0.8568176898098036,0.01649242481636054,190,0.8507499613421987,0.8853332302458636,0.8787188804700786,0.8399315756919744,0.8894270913870417,0.8688321478274315,0.019780765614071147
0.05530271530151367,0.011922981355036813,0.001597452163696289,0.00020165360545964316,,gini,4,"{'DT__class_weight': None, 'DT__criterion': 'gini', 'DT__max_depth': 4}",0.8832689036647596,0.8868872738518634,0.8823179217566104,0.8942167929488171,0.8699938147518168,0.8833369413947735,0.007874745572519005,187,0.9003595175506416,0.9079035874439462,0.8943675583732797,0.8919765733725065,0.9001894232256068,0.8989593319931961,0.0055374480139316895
0.05190134048461914,0.011865799828208106,0.003098583221435547,0.0032006040423838314,,gini,5,"{'DT__class_weight': None, 'DT__criterion': 'gini', 'DT__max_depth': 5}",0.9043915262099892,0.8893845678057835,0.8880933972475646,0.9172336477501161,0.9043837946497603,0.9006973867326427,0.010839968830760993,182,0.9172143188495436,0.9235058759857739,0.9144116282665841,0.9181189113963196,0.9206355342508116,0.9187772537498067,0.0030902407895669493
0.050799083709716794,0.005793240096972364,0.003400897979736328,0.0037987948402951406,,gini,6,"{'DT__class_weight': None, 'DT__criterion': 'gini', 'DT__max_depth': 6}",0.918184629658265,0.9001623627648061,0.8821478274315756,0.9262873047781042,0.8979202102984382,0.9049404669862378,0.015637864498566183,179,0.9319989948971701,0.9317399876295036,0.9284018865006959,0.9277331065408999,0.930875985773929,0.9301499922684396,0.0017533495335770376
0.0592989444732666,0.014589998761909475,0.0014003753662109376,0.0001999855609979217,,gini,7,"{'DT__class_weight': None, 'DT__criterion': 'gini', 'DT__max_depth': 7}",0.9199087675892995,0.9041286531622083,0.8805087366630585,0.9201639090768516,0.9036106386268747,0.9056641410236584,0.014508767164735373,177,0.9386809958249572,0.9410081954538425,0.9442651152002474,0.9409444100819543,0.9421930570589142,0.9414183547239832,0.0018215486164049662
0.06100025177001953,0.008233669873218259,0.0018001556396484374,0.0006000527892981912,,gini,8,"{'DT__class_weight': None, 'DT__criterion': 'gini', 'DT__max_depth': 8}",0.9182696768207826,0.9051646822328747,0.8913715787845986,0.9124014226070819,0.9042137003247255,0.9062842121540126,0.00904432006837036,174,0.948552265347147,0.9469808257306324,0.9538773774547703,0.9516120303077161,0.9508582031854026,0.9503761404051337,0.0024030460344822363
0.06619987487792969,0.006668593602339703,0.0016004085540771485,0.00020127841510093607,,gini,9,"{'DT__class_weight': None, 'DT__criterion': 'gini', 'DT__max_depth': 9}",0.9084428637699087,0.9125792484923458,0.9024045152311737,0.9151615896087829,0.9065408999536105,0.9090258234111643,0.004486220350964793,146,0.959071053038503,0.956571826194526,0.9611837018710376,0.9592005566723365,0.9560963352404512,0.9584246946033709,0.00187009309624709
0.0620995044708252,0.0051128913759744396,0.0012998580932617188,0.00024547667677325436,,gini,10,"{'DT__class_weight': None, 'DT__criterion': 'gini', 'DT__max_depth': 10}",0.9331838565022422,0.9143884335858977,0.8875753827122312,0.9151615896087829,0.9048167620225761,0.9110252048863461,0.01488533338613857,80,0.9656235503324571,0.9611624400804083,0.9658825576001236,0.9654940466986239,0.9609459563940002,0.9638217102211225,0.002264160186728619
0.08219938278198242,0.015597838137964736,0.0018011569976806641,0.0006002684334001447,,gini,11,"{'DT__class_weight': None, 'DT__criterion': 'gini', 'DT__max_depth': 11}",0.9280114427091388,0.9131823101901965,0.8955930106695531,0.9186098654708519,0.9111952992113809,0.9133183856502243,0.010607550284506351,68,0.9692013298283592,0.9665513375599195,0.9683179990722128,0.9723905984227617,0.9653645430647905,0.9683651615896087,0.002416576606127226
0.08320069313049316,0.010704046486744476,0.001600360870361328,0.000198913099209949,,gini,12,"{'DT__class_weight': None, 'DT__criterion': 'gini', 'DT__max_depth': 12}",0.9284444100819548,0.9161976186794497,0.8920596876449668,0.9247332611721045,0.8980052574609556,0.9118880470078864,0.014447011966401897,73,0.9717662749342816,0.9721973094170404,0.9735986547085203,0.9784695376526982,0.9716367713004483,0.9735337096025978,0.0025641677828030862
0.07320070266723633,0.00582671675589556,0.0014993667602539063,0.00031726608198715043,,gini,13,"{'DT__class_weight': None, 'DT__criterion': 'gini', 'DT__max_depth': 13}",0.9245631668470699,0.911195299211381,0.8944719344363692,0.921370032472553,0.9026596567187258,0.9108520179372197,0.01126200687316319,82,0.9731888820163909,0.9754735580640174,0.9750212617906292,0.9816162826658419,0.9727365857430028,0.9756073140559763,0.0031799039688158617
0.08509926795959473,0.006311799468202048,0.00149993896484375,8.971637593377486e-07,,gini,14,"{'DT__class_weight': None, 'DT__criterion': 'gini', 'DT__max_depth': 14}",0.9211148909850009,0.9174037420751509,0.9053347765579093,0.9248183083346219,0.9055048708829443,0.9148353177671253,0.008037505411780162,57,0.9751932890057212,0.9793103448275862,0.9799134065254368,0.9854955930106696,0.9753015308489251,0.9790428328436678,0.0037758152323944983
0.08579978942871094,0.013269466806456237,0.0018006324768066405,0.0006788310725720086,,gini,15,"{'DT__class_weight': None, 'DT__criterion': 'gini', 'DT__max_depth': 15}",0.9338719653626104,0.9111102520488635,0.8984382248337713,0.9203340034018864,0.906625947116128,0.9140760785526518,0.012164553524207278,62,0.9785333230245861,0.9810344827586207,0.9824783516313592,0.9885128343899798,0.9760128343899798,0.9813143652389051,0.004221174760265075
0.08680038452148438,0.02020005305143798,0.0013000011444091798,0.0002440359964286807,,gini,16,"{'DT__class_weight': None, 'DT__criterion': 'gini', 'DT__max_depth': 16}",0.9314597185712078,0.912834389979898,0.8955930106695531,0.9209370650997372,0.9084351322096799,0.9138518633060152,0.01203327535492425,65,0.9812065099737126,0.9814655172413793,0.9836206896551724,0.9921118756765116,0.9794823720426781,0.9835773929178908,0.0044651891637671704
0.10169973373413085,0.028779152434969334,0.0023003578186035155,0.0016000990033630598,,gini,17,"{'DT__class_weight': None, 'DT__criterion': 'gini', 'DT__max_depth': 17}",0.9377532085974951,0.9156796041441164,0.8996443482294727,0.9135224988402659,0.9130044843049328,0.9159208288232566,0.012295461508451797,53,0.9830601515385804,0.9823275862068965,0.9859266274934282,0.9945473171486006,0.9833404205968763,0.9858404205968764,0.004519676552130318
0.0887002944946289,0.010043294888687476,0.0012997150421142577,0.00024497081933858505,,gini,18,"{'DT__class_weight': None, 'DT__criterion': 'gini', 'DT__max_depth': 18}",0.9286995515695068,0.9168006803773003,0.8949899489717024,0.9146435750734497,0.9028297510437606,0.9115927014071439,0.011674895160664734,76,0.9846335240451521,0.9823275862068965,0.987219730941704,0.9961206896551724,0.9865084274006494,0.987361991649915,0.004695814613439499
0.0896979808807373,0.016334329586399757,0.002101898193359375,0.00073555423069393,,gini,19,"{'DT__class_weight': None, 'DT__criterion': 'gini', 'DT__max_depth': 19}",0.9291325189423226,0.9163677130044844,0.8910236585743002,0.9153316839338178,0.9045538889747952,0.911281892685944,0.012779462574522827,77,0.9862068965517239,0.9827586206896551,0.9883620689655173,0.9974137931034481,0.9879310344827585,0.9885344827586205,0.004858276828829419
0.08940043449401855,0.006521994308842943,0.001299905776977539,0.00024493321643303764,,gini,20,"{'DT__class_weight': None, 'DT__criterion': 'gini', 'DT__max_depth': 20}",0.9280964898716562,0.9043837946497604,0.897402195763105,0.9187799597958867,0.904553888974795,0.9106432658110407,0.011157134440349104,84,0.9879310344827583,0.9846547858357816,0.9905172413793102,0.9982758620689656,0.9893749033554969,0.9901507654244626,0.004514121379644376
0.08509931564331055,0.011599787447041997,0.0014009952545166015,0.00020065347278033608,,gini,21,"{'DT__class_weight': None, 'DT__criterion': 'gini', 'DT__max_depth': 21}",0.9298206278026907,0.9107623318385651,0.8923998762950363,0.9170558218648522,0.9124864697695996,0.9125050255141488,0.012064776671997623,71,0.9890946342972009,0.987219730941704,0.9909482758620689,0.9992886964589454,0.9909482758620688,0.9914999226843977,0.004132289412034433
0.09640035629272461,0.01688685561831542,0.001599597930908203,0.00020072773806243044,,gini,22,"{'DT__class_weight': None, 'DT__criterion': 'gini', 'DT__max_depth': 22}",0.9293026132673574,0.904986856347611,0.8906757383640016,0.9153316839338177,0.905674965207979,0.9091943714241534,0.012767436457773255,144,0.9900862068965515,0.9889438688727386,0.9921118756765115,0.9995689655172414,0.9928231792175659,0.9927068192361217,0.0037009175494593584
0.08840045928955079,0.009712109876954918,0.0013998031616210937,0.0005831614420876164,,gini,23,"{'DT__class_weight': None, 'DT__criterion': 'gini', 'DT__max_depth': 23}",0.9252512757074378,0.9043837946497604,0.8992113808566569,0.9153316839338177,0.8988634606463582,0.9086083191588062,0.010230375953864695,165,0.9906680068037729,0.9896551724137931,0.994116282665842,0.9995689655172414,0.9939655172413792,0.9935947889284057,0.0034694902508033243
0.09290046691894531,0.009270735151938495,0.001600027084350586,0.0002009878520556563,,gini,24,"{'DT__class_weight': None, 'DT__criterion': 'gini', 'DT__max_depth': 24}",0.9293026132673575,0.9078320705118293,0.8923148291325189,0.9153316839338177,0.9073991031390135,0.9104360599969074,0.012035753755157613,86,0.9913793103448275,0.9900862068965516,0.9956896551724137,0.9995689655172414,0.9943965517241379,0.9942241379310344,0.0033454496399883634
0.099299955368042,0.0114409024864871,0.0013997077941894532,0.00020049113775467018,,gini,25,"{'DT__class_weight': None, 'DT__criterion': 'gini', 'DT__max_depth': 25}",0.9219730941704036,0.9124014226070822,0.8912788000618524,0.9153316839338177,0.9130895314674501,0.9108149064481212,0.010336893511474337,83,0.991810344827586,0.9900862068965516,0.996551724137931,0.9995689655172414,0.9954093861141177,0.9946853254986856,0.003384525173844275
0.09050016403198242,0.011563246036083885,0.001500082015991211,5.091227651611e-07,,gini,26,"{'DT__class_weight': None, 'DT__criterion': 'gini', 'DT__max_depth': 26}",0.9276635224988403,0.9055899180454617,0.8964512138549559,0.9153316839338177,0.902914798206278,0.9095902273078706,0.010888579573559995,120,0.991810344827586,0.9918103448275862,0.9969827586206897,0.9995689655172414,0.9965517241379309,0.9953448275862069,0.0030648946266605913
0.10759930610656739,0.04331271715789966,0.0017007350921630859,0.00024481581292307733,,gini,27,"{'DT__class_weight': None, 'DT__criterion': 'gini', 'DT__max_depth': 27}",0.9270604608009897,0.9072290088139787,0.884985310035565,0.9153316839338177,0.9029147982062781,0.9075042523581258,0.013942421493271575,170,0.9922413793103446,0.9918103448275862,0.9974137931034484,0.9995689655172414,0.9969827586206896,0.9956034482758621,0.0030527467602803563
0.12649965286254883,0.040007173531207925,0.0014004707336425781,0.00019967837118191125,,gini,28,"{'DT__class_weight': None, 'DT__criterion': 'gini', 'DT__max_depth': 28}",0.9282665841966911,0.9107623318385651,0.8952450904592547,0.9153316839338177,0.8996366166692438,0.9098484614195144,0.011727475018314197,117,0.9931034482758617,0.9948275862068965,0.9982758620689656,0.9995689655172414,0.9974137931034481,0.9966379310344827,0.00235141063741147
0.11490025520324706,0.03037637367675724,0.0015996456146240234,0.000489184184538486,,gini,29,"{'DT__class_weight': None, 'DT__criterion': 'gini', 'DT__max_depth': 29}",0.9311117983609094,0.9044688418122777,0.8975722900881398,0.9153316839338177,0.9006726457399101,0.9098314519870109,0.012215024056321683,118,0.9935344827586204,0.996551724137931,0.9987068965517242,0.9995689655172414,0.9982758620689655,0.9973275862068964,0.0021361227057524823
0.09979991912841797,0.013480765276141947,0.001800203323364258,0.000600267959916632,,gini,30,"{'DT__class_weight': None, 'DT__criterion': 'gini', 'DT__max_depth': 30}",0.9316298128962426,0.9079171176743468,0.8895546621308179,0.9153316839338177,0.8973094170403586,0.9083485387351168,0.014601644929066127,166,0.9948275862068963,0.9969827586206896,0.9991379310344827,0.9995689655172414,0.998706896551724,0.9978448275862067,0.0017455566147687447
0.123801851272583,0.015556089497433626,0.0015988349914550781,0.00019992713594898744,,gini,31,"{'DT__class_weight': None, 'DT__criterion': 'gini', 'DT__max_depth': 31}",0.9265424462656565,0.9062780269058296,0.8895546621308179,0.9153316839338177,0.8977423844131746,0.9070898407298593,0.01297573359242134,171,0.9965517241379309,0.9978448275862069,0.9991379310344827,0.9995689655172414,0.9991379310344826,0.998448275862069,0.0011106981660970066
0.1122981071472168,0.023355501835463057,0.001400136947631836,0.00020022565450734768,,gini,32,"{'DT__class_weight': None, 'DT__criterion': 'gini', 'DT__max_depth': 32}",0.9253363228699552,0.9022266893459099,0.8895546621308179,0.9153316839338177,0.8977423844131746,0.906038348538735,0.012758068664365414,175,0.9969827586206896,0.9978448275862069,0.9991379310344827,0.9995689655172414,0.9991379310344826,0.9985344827586207,0.0009676700138208276
0.09849920272827148,0.013683901382555987,0.0014992237091064453,0.00031635776983060705,,gini,33,"{'DT__class_weight': None, 'DT__criterion': 'gini', 'DT__max_depth': 33}",0.9293876604298749,0.9056749652079791,0.8895546621308179,0.9153316839338177,0.8977423844131746,0.9075382712231328,0.01386343820321333,168,0.9978448275862067,0.9987068965517242,0.9991379310344827,0.9995689655172414,0.9991379310344826,0.9988793103448275,0.0005846836192349683
0.09070010185241699,0.011439389300186514,0.001300668716430664,0.0002456520743456469,,gini,34,"{'DT__class_weight': None, 'DT__criterion': 'gini', 'DT__max_depth': 34}",0.9385263646203804,0.8965362610174735,0.8895546621308179,0.9153316839338177,0.8977423844131746,0.9075382712231328,0.01767151966877632,168,0.998706896551724,0.9987068965517242,0.9991379310344827,0.9995689655172414,0.9991379310344826,0.9990517241379309,0.0003225566712736356
0.09179935455322266,0.01150961101420107,0.0012019157409667968,0.0002461221402041451,,gini,35,"{'DT__class_weight': None, 'DT__criterion': 'gini', 'DT__max_depth': 35}",0.9385263646203804,0.9023967836709449,0.8895546621308179,0.9153316839338177,0.8977423844131746,0.9087103757538272,0.01708762451336782,148,0.998706896551724,0.9995689655172414,0.9991379310344827,0.9995689655172414,0.9991379310344826,0.9992241379310343,0.00032255667127369493
0.09679956436157226,0.012143424653703504,0.0013995170593261719,0.00020015491764601375,,gini,36,"{'DT__class_weight': None, 'DT__criterion': 'gini', 'DT__max_depth': 36}",0.9385263646203804,0.9023967836709449,0.8895546621308179,0.9153316839338177,0.8977423844131746,0.9087103757538272,0.01708762451336782,148,0.998706896551724,0.9995689655172414,0.9991379310344827,0.9995689655172414,0.9991379310344826,0.9992241379310343,0.00032255667127369493
0.09869918823242188,0.016547834727581402,0.0015009403228759765,0.00031658298064931445,,gini,37,"{'DT__class_weight': None, 'DT__criterion': 'gini', 'DT__max_depth': 37}",0.9385263646203804,0.9023967836709449,0.8895546621308179,0.9153316839338177,0.8977423844131746,0.9087103757538272,0.01708762451336782,148,0.998706896551724,0.9995689655172414,0.9991379310344827,0.9995689655172414,0.9991379310344826,0.9992241379310343,0.00032255667127369493
0.09430055618286133,0.01752339504096754,0.00139923095703125,0.0005838792515324927,,gini,38,"{'DT__class_weight': None, 'DT__criterion': 'gini', 'DT__max_depth': 38}",0.9385263646203804,0.9023967836709449,0.8895546621308179,0.9153316839338177,0.8977423844131746,0.9087103757538272,0.01708762451336782,148,0.998706896551724,0.9995689655172414,0.9991379310344827,0.9995689655172414,0.9991379310344826,0.9992241379310343,0.00032255667127369493
0.10600061416625976,0.012885082029548143,0.0017997264862060548,0.00039972126162128,,gini,39,"{'DT__class_weight': None, 'DT__criterion': 'gini', 'DT__max_depth': 39}",0.9385263646203804,0.9023967836709449,0.8895546621308179,0.9153316839338177,0.8977423844131746,0.9087103757538272,0.01708762451336782,148,0.998706896551724,0.9995689655172414,0.9991379310344827,0.9995689655172414,0.9991379310344826,0.9992241379310343,0.00032255667127369493
0.09309926033020019,0.020295235735611736,0.001500415802001953,0.00031665966921350336,,gini,40,"{'DT__class_weight': None, 'DT__criterion': 'gini', 'DT__max_depth': 40}",0.9385263646203804,0.9023967836709449,0.8895546621308179,0.9153316839338177,0.8977423844131746,0.9087103757538272,0.01708762451336782,148,0.998706896551724,0.9995689655172414,0.9991379310344827,0.9995689655172414,0.9991379310344826,0.9992241379310343,0.00032255667127369493
0.08949928283691407,0.009731133230525539,0.0015003204345703125,0.00031575310510551636,,gini,41,"{'DT__class_weight': None, 'DT__criterion': 'gini', 'DT__max_depth': 41}",0.9385263646203804,0.9023967836709449,0.8895546621308179,0.9153316839338177,0.8977423844131746,0.9087103757538272,0.01708762451336782,148,0.998706896551724,0.9995689655172414,0.9991379310344827,0.9995689655172414,0.9991379310344826,0.9992241379310343,0.00032255667127369493
0.10170073509216308,0.005582222346035289,0.0012996673583984375,0.000244835399562272,,gini,42,"{'DT__class_weight': None, 'DT__criterion': 'gini', 'DT__max_depth': 42}",0.9385263646203804,0.9023967836709449,0.8895546621308179,0.9153316839338177,0.8977423844131746,0.9087103757538272,0.01708762451336782,148,0.998706896551724,0.9995689655172414,0.9991379310344827,0.9995689655172414,0.9991379310344826,0.9992241379310343,0.00032255667127369493
0.09669933319091797,0.016055167480034646,0.001300811767578125,0.0002447991133558662,,gini,43,"{'DT__class_weight': None, 'DT__criterion': 'gini', 'DT__max_depth': 43}",0.9385263646203804,0.9023967836709449,0.8895546621308179,0.9153316839338177,0.8977423844131746,0.9087103757538272,0.01708762451336782,148,0.998706896551724,0.9995689655172414,0.9991379310344827,0.9995689655172414,0.9991379310344826,0.9992241379310343,0.00032255667127369493
0.09839940071105957,0.015691847566644886,0.0015008926391601562,0.0003152267777226784,,gini,44,"{'DT__class_weight': None, 'DT__criterion': 'gini', 'DT__max_depth': 44}",0.9385263646203804,0.9023967836709449,0.8895546621308179,0.9153316839338177,0.8977423844131746,0.9087103757538272,0.01708762451336782,148,0.998706896551724,0.9995689655172414,0.9991379310344827,0.9995689655172414,0.9991379310344826,0.9992241379310343,0.00032255667127369493
0.0887000560760498,0.011312089682445325,0.002699422836303711,0.001364773542799033,,gini,45,"{'DT__class_weight': None, 'DT__criterion': 'gini', 'DT__max_depth': 45}",0.9385263646203804,0.9023967836709449,0.8895546621308179,0.9153316839338177,0.8977423844131746,0.9087103757538272,0.01708762451336782,148,0.998706896551724,0.9995689655172414,0.9991379310344827,0.9995689655172414,0.9991379310344826,0.9992241379310343,0.00032255667127369493
0.10840039253234864,0.023366269138325395,0.0014995574951171876,1.353747326524581e-06,,gini,46,"{'DT__class_weight': None, 'DT__criterion': 'gini', 'DT__max_depth': 46}",0.9385263646203804,0.9023967836709449,0.8895546621308179,0.9153316839338177,0.8977423844131746,0.9087103757538272,0.01708762451336782,148,0.998706896551724,0.9995689655172414,0.9991379310344827,0.9995689655172414,0.9991379310344826,0.9992241379310343,0.00032255667127369493
0.09279899597167969,0.012948201421416916,0.0015040874481201173,0.0003169195354222698,,gini,47,"{'DT__class_weight': None, 'DT__criterion': 'gini', 'DT__max_depth': 47}",0.9385263646203804,0.9023967836709449,0.8895546621308179,0.9153316839338177,0.8977423844131746,0.9087103757538272,0.01708762451336782,148,0.998706896551724,0.9995689655172414,0.9991379310344827,0.9995689655172414,0.9991379310344826,0.9992241379310343,0.00032255667127369493
0.09799919128417969,0.021319105529730428,0.003701305389404297,0.004400801685432327,,gini,48,"{'DT__class_weight': None, 'DT__criterion': 'gini', 'DT__max_depth': 48}",0.9385263646203804,0.9023967836709449,0.8895546621308179,0.9153316839338177,0.8977423844131746,0.9087103757538272,0.01708762451336782,148,0.998706896551724,0.9995689655172414,0.9991379310344827,0.9995689655172414,0.9991379310344826,0.9992241379310343,0.00032255667127369493
0.10160026550292969,0.009041232604467589,0.002103281021118164,0.0005829453008803481,,gini,49,"{'DT__class_weight': None, 'DT__criterion': 'gini', 'DT__max_depth': 49}",0.9385263646203804,0.9023967836709449,0.8895546621308179,0.9153316839338177,0.8977423844131746,0.9087103757538272,0.01708762451336782,148,0.998706896551724,0.9995689655172414,0.9991379310344827,0.9995689655172414,0.9991379310344826,0.9992241379310343,0.00032255667127369493
0.09699993133544922,0.019916712744007154,0.001500558853149414,0.00031613006824117445,,gini,50,"{'DT__class_weight': None, 'DT__criterion': 'gini', 'DT__max_depth': 50}",0.9385263646203804,0.9023967836709449,0.8895546621308179,0.9153316839338177,0.8977423844131746,0.9087103757538272,0.01708762451336782,148,0.998706896551724,0.9995689655172414,0.9991379310344827,0.9995689655172414,0.9991379310344826,0.9992241379310343,0.00032255667127369493
0.02160043716430664,0.0022219523538302526,0.0022001266479492188,0.0014002328549862573,,entropy,1,"{'DT__class_weight': None, 'DT__criterion': 'entropy', 'DT__max_depth': 1}",0.7413715787845988,0.7503324570898408,0.7728081026751199,0.7637853718880468,0.7351631359208286,0.7526921292716869,0.013919058457697286,199,0.7532027988248025,0.7546891912787999,0.7915841966908922,0.7475993505489407,0.7557890057213543,0.7605729086129578,0.01575966733105167
0.032200193405151366,0.008513286570460488,0.0013010978698730468,0.00040068633497065704,,entropy,2,"{'DT__class_weight': None, 'DT__criterion': 'entropy', 'DT__max_depth': 2}",0.8266042987474873,0.8352249884026597,0.7973171486005874,0.8447116128034637,0.8139245399721662,0.8235565177052729,0.016578659248404494,195,0.8297916344518321,0.8297065872893149,0.8162633369413946,0.8266448894386887,0.8340613885882169,0.8272935673418894,0.005999219527318405
0.058499479293823244,0.022420398957415922,0.0018009185791015626,0.0005091552452642657,,entropy,3,"{'DT__class_weight': None, 'DT__criterion': 'entropy', 'DT__max_depth': 3}",0.8295654863151384,0.8685248183083346,0.8675738364001855,0.8762873047781042,0.8400726766661512,0.8564048244935827,0.018188145731865155,191,0.8424733261172103,0.870465439925777,0.8747525900726766,0.8630296118756763,0.8734401577238284,0.8648322251430336,0.011894646129077858
0.04239959716796875,0.002745830468658754,0.0015016555786132812,0.0003159870939732419,,entropy,4,"{'DT__class_weight': None, 'DT__criterion': 'entropy', 'DT__max_depth': 4}",0.8895623936910468,0.8983531776712542,0.8789546930570589,0.8963738982526673,0.8617983609092315,0.8850085047162517,0.013441352479984103,186,0.8876217720736043,0.9015443791557136,0.8935480129890211,0.8896493737436214,0.9004890211844749,0.894570511829287,0.005607346370660317
0.0661966323852539,0.015982499748490142,0.0014000415802001953,0.00020007671228236692,,entropy,5,"{'DT__class_weight': None, 'DT__criterion': 'entropy', 'DT__max_depth': 5}",0.9029225297665071,0.9011133446729552,0.8726612030307714,0.915424462656564,0.8875753827122314,0.8959393845678058,0.014608440785189957,183,0.9046891912787999,0.9154901809185093,0.9081625947116128,0.9077953456007423,0.9157259935054892,0.9103726612030307,0.0044424307483354715
0.07659955024719238,0.01480336581039533,0.0016012191772460938,0.00019955774646302822,,entropy,6,"{'DT__class_weight': None, 'DT__criterion': 'entropy', 'DT__max_depth': 6}",0.9010282975104377,0.9074918818617598,0.891456625947116,0.92051182928715,0.8989562393691046,0.9038889747951135,0.009760931123439764,180,0.9160719808257304,0.9279476573372506,0.9185731405597649,0.927452837482604,0.9262447811968453,0.923258079480439,0.004941602753768478
0.07039942741394042,0.020854928003415263,0.0014000415802001953,0.0002000588694967362,,entropy,7,"{'DT__class_weight': None, 'DT__criterion': 'entropy', 'DT__max_depth': 7}",0.9141332920983455,0.9001623627648061,0.8955079635070357,0.9187026441935982,0.9047317148600587,0.9066475954847686,0.008616032680559087,172,0.9354492036492964,0.9384645121385494,0.9339608783052421,0.9319584042059688,0.9347804236895004,0.9349226843977114,0.002123865927587188
0.08349971771240235,0.017616512714403853,0.001699686050415039,0.0007479465872948591,,entropy,8,"{'DT__class_weight': None, 'DT__criterion': 'entropy', 'DT__max_depth': 8}",0.9187876913561158,0.9070589144889439,0.8868022266893457,0.9168006803773001,0.8994742539044379,0.9057847533632288,0.01176613150822799,176,0.9448024586361528,0.9446729550023195,0.943619529921138,0.9443482294727077,0.9431653007576928,0.9441216947580022,0.0006301593923662184
0.08678965568542481,0.020905319950286556,0.0012998104095458985,0.0002442703424002106,,entropy,9,"{'DT__class_weight': None, 'DT__criterion': 'entropy', 'DT__max_depth': 9}",0.9055976496056904,0.9010282975104376,0.9005102829751044,0.9166305860522656,0.9036106386268747,0.9054754909540745,0.00587127862373553,178,0.9535758466058448,0.9528220194835317,0.9591367713004485,0.9545017009432503,0.9593706509973711,0.9558813978660894,0.002805397294910586
0.0712998390197754,0.00822623747051467,0.0016001224517822265,0.0002004629084309578,,entropy,10,"{'DT__class_weight': None, 'DT__criterion': 'entropy', 'DT__max_depth': 10}",0.9142183392608629,0.9110252048863462,0.9050796350703573,0.9304236895005411,0.9099891758156795,0.9141472089067574,0.008650848786282458,61,0.9681672336477499,0.9713120457708366,0.9708616823875059,0.9655153084892533,0.968294804391526,0.9688302149373744,0.002097672886303321
0.0848994255065918,0.01149122286888346,0.0016008377075195312,0.0001992756397150588,,entropy,11,"{'DT__class_weight': None, 'DT__criterion': 'entropy', 'DT__max_depth': 11}",0.9120612339570127,0.909819081490645,0.9063708056285759,0.9197309417040358,0.9024045152311736,0.9100773156022886,0.005827610068066954,115,0.9736411782897787,0.9766796814597185,0.9765946342972012,0.9777350394309572,0.9669166537807329,0.9743134374516776,0.003941438085616406
0.09019994735717773,0.01168270298156783,0.0016020774841308595,0.0001990240042500164,,entropy,12,"{'DT__class_weight': None, 'DT__criterion': 'entropy', 'DT__max_depth': 12}",0.9143033864233803,0.8992964280191743,0.9005953301376218,0.9207669707747024,0.9105071903510129,0.9090938611411783,0.00816838866161616,145,0.9786415648677902,0.9842005566723364,0.9777369723210143,0.9806672336477501,0.9781022885418276,0.9798697232101435,0.002390521531008652
0.08409948348999023,0.009075198750464458,0.0015006542205810546,1.3852919622739745e-06,,entropy,13,"{'DT__class_weight': None, 'DT__criterion': 'entropy', 'DT__max_depth': 13}",0.9205968764496677,0.9095562084428639,0.9098190814906447,0.9201639090768516,0.9070589144889439,0.9134389979897942,0.005750564646702735,66,0.9842237513530228,0.9896107159424773,0.9850645585279109,0.9862706819236121,0.9801936755837326,0.9850726766661511,0.003051373747152675
0.08240008354187012,0.008874265636855096,0.0015003204345703125,0.000315980322781471,,entropy,14,"{'DT__class_weight': None, 'DT__criterion': 'entropy', 'DT__max_depth': 14}",0.9183547239832999,0.9049868563476109,0.9080949435596103,0.920248956239369,0.9042987474872429,0.9111968455234267,0.006766763633136203,78,0.9862068965517241,0.9937490335549714,0.9862068965517241,0.9885128343899798,0.9842024895623934,0.9877756301221586,0.0032837235630755607
0.08439998626708985,0.023902874840847545,0.0013999462127685547,0.0003738329543631339,,entropy,15,"{'DT__class_weight': None, 'DT__criterion': 'entropy', 'DT__max_depth': 15}",0.9189577856811506,0.9072290088139787,0.9092160197927942,0.922576155868254,0.9007654244626565,0.9117488789237668,0.007958380937794688,75,0.9885128343899797,0.9945898407298593,0.9866379310344826,0.9924559301066955,0.9878015308489252,0.9899996134219885,0.00301485209441479
0.09879980087280274,0.020335525404745397,0.002100086212158203,0.001462556052530881,,entropy,16,"{'DT__class_weight': None, 'DT__criterion': 'entropy', 'DT__max_depth': 16}",0.920681923612185,0.9118834080717491,0.902489562393691,0.9124014226070819,0.9179217566104839,0.9130756146590381,0.006249502728035922,69,0.9892241379310344,0.9958829441781352,0.9915068810886036,0.9951716406370805,0.9879310344827583,0.9919433276635224,0.00315041450986647
0.08719954490661622,0.012725772582204123,0.0012018203735351563,0.0002463914724598285,,entropy,17,"{'DT__class_weight': None, 'DT__criterion': 'entropy', 'DT__max_depth': 17}",0.9264573991031392,0.9106772846760478,0.9074918818617598,0.9180918509355188,0.9009355187876913,0.9127307870728314,0.008808544004465488,70,0.9936195299211378,0.9968532549868563,0.9916808411937529,0.9984266274934283,0.9919611102520487,0.9945082727694448,0.0026879254230206522
0.07999892234802246,0.008414494093026257,0.0015000343322753907,1.3704402793121256e-06,,entropy,18,"{'DT__class_weight': None, 'DT__criterion': 'entropy', 'DT__max_depth': 18}",0.9230091232410701,0.9139554662130819,0.9064558527910932,0.9215401267975877,0.9136075460027833,0.9157136230091232,0.0060067537841544906,55,0.9935344827586207,0.9961206896551724,0.9918103448275863,0.9992886964589455,0.9909482758620688,0.9943404979124788,0.003040140029555778
0.08330068588256836,0.008907264610779229,0.0023999691009521486,0.0018006330513547907,,entropy,19,"{'DT__class_weight': None, 'DT__criterion': 'entropy', 'DT__max_depth': 19}",0.9230941704035875,0.9037807329519099,0.9002474099273232,0.922746250193289,0.9061079325807947,0.911195299211381,0.009754188598353461,79,0.995882944178135,0.9982758620689656,0.9953011442709139,0.9995689655172414,0.9945473171486006,0.9967152466367712,0.001895867248802517
0.09189882278442382,0.015682602545040728,0.0016998767852783204,0.0009273468491667604,,entropy,20,"{'DT__class_weight': None, 'DT__criterion': 'entropy', 'DT__max_depth': 20}",0.9236121849389207,0.9100742229781972,0.9036956857893922,0.922746250193289,0.9112803463738982,0.9142817380547394,0.007713381132914395,60,0.9961206896551723,0.9991379310344827,0.9971547858357817,0.9995689655172414,0.9975645585279109,0.9979093861141177,0.0012768154982725406
0.08699970245361328,0.025038377989535,0.0015009403228759765,1.319728136358075e-06,,entropy,21,"{'DT__class_weight': None, 'DT__criterion': 'entropy', 'DT__max_depth': 21}",0.9287845987320241,0.9055048708829443,0.9070589144889439,0.922746250193289,0.9151615896087829,0.9158512447811968,0.008940256071472533,54,0.9978448275862067,0.9995689655172414,0.9982758620689656,0.9995689655172414,0.9978448275862069,0.9986206896551725,0.0007900992577510484
0.09380612373352051,0.01711263888751405,0.0016005992889404296,0.0009693188584633522,,entropy,22,"{'DT__class_weight': None, 'DT__criterion': 'entropy', 'DT__max_depth': 22}",0.9344750270604607,0.9055048708829443,0.9122313282820473,0.922746250193289,0.8981753517859904,0.9146265656409464,0.012802153041708451,58,0.9982758620689655,0.9995689655172414,0.9987068965517242,0.9995689655172414,0.9991379310344826,0.999051724137931,0.0005026682667970201
0.08041348457336425,0.006351443889921137,0.0012991905212402343,0.00024454385270841864,,entropy,23,"{'DT__class_weight': None, 'DT__criterion': 'entropy', 'DT__max_depth': 23}",0.916282665841967,0.9055048708829443,0.9081799907221276,0.922746250193289,0.8981753517859904,0.9101778258852637,0.008545426832874008,87,0.998706896551724,0.9995689655172414,0.9991379310344827,0.9995689655172414,0.9991379310344826,0.9992241379310343,0.00032255667127369493
0.08261933326721191,0.010143845409885005,0.0020016193389892577,0.00104834664247124,,entropy,24,"{'DT__class_weight': None, 'DT__criterion': 'entropy', 'DT__max_depth': 24}",0.916282665841967,0.9055048708829443,0.9081799907221276,0.922746250193289,0.8981753517859904,0.9101778258852637,0.008545426832874008,87,0.998706896551724,0.9995689655172414,0.9991379310344827,0.9995689655172414,0.9991379310344826,0.9992241379310343,0.00032255667127369493
0.0859076976776123,0.013687155113321883,0.0012997627258300782,0.0002454015738985886,,entropy,25,"{'DT__class_weight': None, 'DT__criterion': 'entropy', 'DT__max_depth': 25}",0.916282665841967,0.9055048708829443,0.9081799907221276,0.922746250193289,0.8981753517859904,0.9101778258852637,0.008545426832874008,87,0.998706896551724,0.9995689655172414,0.9991379310344827,0.9995689655172414,0.9991379310344826,0.9992241379310343,0.00032255667127369493
0.08819899559020997,0.016464058992196377,0.001900053024291992,0.0005828002102683139,,entropy,26,"{'DT__class_weight': None, 'DT__criterion': 'entropy', 'DT__max_depth': 26}",0.916282665841967,0.9055048708829443,0.9081799907221276,0.922746250193289,0.8981753517859904,0.9101778258852637,0.008545426832874008,87,0.998706896551724,0.9995689655172414,0.9991379310344827,0.9995689655172414,0.9991379310344826,0.9992241379310343,0.00032255667127369493
0.07959980964660644,0.0020089114071633494,0.0013998985290527345,0.00019998635686165961,,entropy,27,"{'DT__class_weight': None, 'DT__criterion': 'entropy', 'DT__max_depth': 27}",0.916282665841967,0.9055048708829443,0.9081799907221276,0.922746250193289,0.8981753517859904,0.9101778258852637,0.008545426832874008,87,0.998706896551724,0.9995689655172414,0.9991379310344827,0.9995689655172414,0.9991379310344826,0.9992241379310343,0.00032255667127369493
0.09000029563903808,0.005831531127469659,0.0014000892639160155,0.0005835360179880791,,entropy,28,"{'DT__class_weight': None, 'DT__criterion': 'entropy', 'DT__max_depth': 28}",0.916282665841967,0.9055048708829443,0.9081799907221276,0.922746250193289,0.8981753517859904,0.9101778258852637,0.008545426832874008,87,0.998706896551724,0.9995689655172414,0.9991379310344827,0.9995689655172414,0.9991379310344826,0.9992241379310343,0.00032255667127369493
0.0812002182006836,0.010303918349000954,0.0018006324768066405,0.0009277692621778538,,entropy,29,"{'DT__class_weight': None, 'DT__criterion': 'entropy', 'DT__max_depth': 29}",0.916282665841967,0.9055048708829443,0.9081799907221276,0.922746250193289,0.8981753517859904,0.9101778258852637,0.008545426832874008,87,0.998706896551724,0.9995689655172414,0.9991379310344827,0.9995689655172414,0.9991379310344826,0.9992241379310343,0.00032255667127369493
0.08539953231811523,0.006844117025284435,0.001300811767578125,0.0002446044022343833,,entropy,30,"{'DT__class_weight': None, 'DT__criterion': 'entropy', 'DT__max_depth': 30}",0.916282665841967,0.9055048708829443,0.9081799907221276,0.922746250193289,0.8981753517859904,0.9101778258852637,0.008545426832874008,87,0.998706896551724,0.9995689655172414,0.9991379310344827,0.9995689655172414,0.9991379310344826,0.9992241379310343,0.00032255667127369493
0.07479987144470215,0.004524186234731587,0.001499319076538086,0.00031605904241572186,,entropy,31,"{'DT__class_weight': None, 'DT__criterion': 'entropy', 'DT__max_depth': 31}",0.916282665841967,0.9055048708829443,0.9081799907221276,0.922746250193289,0.8981753517859904,0.9101778258852637,0.008545426832874008,87,0.998706896551724,0.9995689655172414,0.9991379310344827,0.9995689655172414,0.9991379310344826,0.9992241379310343,0.00032255667127369493
0.08139891624450683,0.0069660410337677925,0.001600360870361328,0.000374903662852499,,entropy,32,"{'DT__class_weight': None, 'DT__criterion': 'entropy', 'DT__max_depth': 32}",0.916282665841967,0.9055048708829443,0.9081799907221276,0.922746250193289,0.8981753517859904,0.9101778258852637,0.008545426832874008,87,0.998706896551724,0.9995689655172414,0.9991379310344827,0.9995689655172414,0.9991379310344826,0.9992241379310343,0.00032255667127369493
0.08169951438903808,0.015461202359705979,0.0015015125274658204,2.3525040404403705e-06,,entropy,33,"{'DT__class_weight': None, 'DT__criterion': 'entropy', 'DT__max_depth': 33}",0.916282665841967,0.9055048708829443,0.9081799907221276,0.922746250193289,0.8981753517859904,0.9101778258852637,0.008545426832874008,87,0.998706896551724,0.9995689655172414,0.9991379310344827,0.9995689655172414,0.9991379310344826,0.9992241379310343,0.00032255667127369493
0.08560009002685547,0.005670312352683373,0.0011997699737548828,0.0002452458569873954,,entropy,34,"{'DT__class_weight': None, 'DT__criterion': 'entropy', 'DT__max_depth': 34}",0.916282665841967,0.9055048708829443,0.9081799907221276,0.922746250193289,0.8981753517859904,0.9101778258852637,0.008545426832874008,87,0.998706896551724,0.9995689655172414,0.9991379310344827,0.9995689655172414,0.9991379310344826,0.9992241379310343,0.00032255667127369493
0.07610015869140625,0.004305975377991237,0.0014000892639160155,0.0001993724871539104,,entropy,35,"{'DT__class_weight': None, 'DT__criterion': 'entropy', 'DT__max_depth': 35}",0.916282665841967,0.9055048708829443,0.9081799907221276,0.922746250193289,0.8981753517859904,0.9101778258852637,0.008545426832874008,87,0.998706896551724,0.9995689655172414,0.9991379310344827,0.9995689655172414,0.9991379310344826,0.9992241379310343,0.00032255667127369493
0.07229957580566407,0.002656661827781542,0.0019007205963134765,0.0015622823463964553,,entropy,36,"{'DT__class_weight': None, 'DT__criterion': 'entropy', 'DT__max_depth': 36}",0.916282665841967,0.9055048708829443,0.9081799907221276,0.922746250193289,0.8981753517859904,0.9101778258852637,0.008545426832874008,87,0.998706896551724,0.9995689655172414,0.9991379310344827,0.9995689655172414,0.9991379310344826,0.9992241379310343,0.00032255667127369493
0.0829002857208252,0.007996735351932177,0.001299571990966797,0.00024397905226130866,,entropy,37,"{'DT__class_weight': None, 'DT__criterion': 'entropy', 'DT__max_depth': 37}",0.916282665841967,0.9055048708829443,0.9081799907221276,0.922746250193289,0.8981753517859904,0.9101778258852637,0.008545426832874008,87,0.998706896551724,0.9995689655172414,0.9991379310344827,0.9995689655172414,0.9991379310344826,0.9992241379310343,0.00032255667127369493
0.080999755859375,0.010595595996826095,0.001300954818725586,0.00024481502348087,,entropy,38,"{'DT__class_weight': None, 'DT__criterion': 'entropy', 'DT__max_depth': 38}",0.916282665841967,0.9055048708829443,0.9081799907221276,0.922746250193289,0.8981753517859904,0.9101778258852637,0.008545426832874008,87,0.998706896551724,0.9995689655172414,0.9991379310344827,0.9995689655172414,0.9991379310344826,0.9992241379310343,0.00032255667127369493
0.08020052909851075,0.00814037445198802,0.0014991283416748047,0.0003162073052787598,,entropy,39,"{'DT__class_weight': None, 'DT__criterion': 'entropy', 'DT__max_depth': 39}",0.916282665841967,0.9055048708829443,0.9081799907221276,0.922746250193289,0.8981753517859904,0.9101778258852637,0.008545426832874008,87,0.998706896551724,0.9995689655172414,0.9991379310344827,0.9995689655172414,0.9991379310344826,0.9992241379310343,0.00032255667127369493
0.07139296531677246,0.0028358232687060512,0.0014017105102539062,0.00019922387719349734,,entropy,40,"{'DT__class_weight': None, 'DT__criterion': 'entropy', 'DT__max_depth': 40}",0.916282665841967,0.9055048708829443,0.9081799907221276,0.922746250193289,0.8981753517859904,0.9101778258852637,0.008545426832874008,87,0.998706896551724,0.9995689655172414,0.9991379310344827,0.9995689655172414,0.9991379310344826,0.9992241379310343,0.00032255667127369493
0.08670024871826172,0.013647126921818492,0.0023994922637939455,0.0025581695392745043,,entropy,41,"{'DT__class_weight': None, 'DT__criterion': 'entropy', 'DT__max_depth': 41}",0.916282665841967,0.9055048708829443,0.9081799907221276,0.922746250193289,0.8981753517859904,0.9101778258852637,0.008545426832874008,87,0.998706896551724,0.9995689655172414,0.9991379310344827,0.9995689655172414,0.9991379310344826,0.9992241379310343,0.00032255667127369493
0.0782989501953125,0.006079620547342174,0.0014005184173583984,0.00020005796026759698,,entropy,42,"{'DT__class_weight': None, 'DT__criterion': 'entropy', 'DT__max_depth': 42}",0.916282665841967,0.9055048708829443,0.9081799907221276,0.922746250193289,0.8981753517859904,0.9101778258852637,0.008545426832874008,87,0.998706896551724,0.9995689655172414,0.9991379310344827,0.9995689655172414,0.9991379310344826,0.9992241379310343,0.00032255667127369493
0.07909979820251464,0.007094997496908189,0.0015996932983398438,0.0001988932657753126,,entropy,43,"{'DT__class_weight': None, 'DT__criterion': 'entropy', 'DT__max_depth': 43}",0.916282665841967,0.9055048708829443,0.9081799907221276,0.922746250193289,0.8981753517859904,0.9101778258852637,0.008545426832874008,87,0.998706896551724,0.9995689655172414,0.9991379310344827,0.9995689655172414,0.9991379310344826,0.9992241379310343,0.00032255667127369493
0.07349982261657714,0.0014502994962844427,0.0013006210327148437,0.0002455179101240931,,entropy,44,"{'DT__class_weight': None, 'DT__criterion': 'entropy', 'DT__max_depth': 44}",0.916282665841967,0.9055048708829443,0.9081799907221276,0.922746250193289,0.8981753517859904,0.9101778258852637,0.008545426832874008,87,0.998706896551724,0.9995689655172414,0.9991379310344827,0.9995689655172414,0.9991379310344826,0.9992241379310343,0.00032255667127369493
0.09130163192749023,0.012686614143963524,0.0018004894256591797,0.0008720781355620227,,entropy,45,"{'DT__class_weight': None, 'DT__criterion': 'entropy', 'DT__max_depth': 45}",0.916282665841967,0.9055048708829443,0.9081799907221276,0.922746250193289,0.8981753517859904,0.9101778258852637,0.008545426832874008,87,0.998706896551724,0.9995689655172414,0.9991379310344827,0.9995689655172414,0.9991379310344826,0.9992241379310343,0.00032255667127369493
0.08959970474243165,0.016710435979857448,0.001201963424682617,0.00024549976719153604,,entropy,46,"{'DT__class_weight': None, 'DT__criterion': 'entropy', 'DT__max_depth': 46}",0.916282665841967,0.9055048708829443,0.9081799907221276,0.922746250193289,0.8981753517859904,0.9101778258852637,0.008545426832874008,87,0.998706896551724,0.9995689655172414,0.9991379310344827,0.9995689655172414,0.9991379310344826,0.9992241379310343,0.00032255667127369493
0.08020033836364746,0.011374469560419527,0.0013002872467041016,0.00024495168908279834,,entropy,47,"{'DT__class_weight': None, 'DT__criterion': 'entropy', 'DT__max_depth': 47}",0.916282665841967,0.9055048708829443,0.9081799907221276,0.922746250193289,0.8981753517859904,0.9101778258852637,0.008545426832874008,87,0.998706896551724,0.9995689655172414,0.9991379310344827,0.9995689655172414,0.9991379310344826,0.9992241379310343,0.00032255667127369493
0.09089984893798828,0.016892142024665078,0.0021008014678955077,0.0009689999894276258,,entropy,48,"{'DT__class_weight': None, 'DT__criterion': 'entropy', 'DT__max_depth': 48}",0.916282665841967,0.9055048708829443,0.9081799907221276,0.922746250193289,0.8981753517859904,0.9101778258852637,0.008545426832874008,87,0.998706896551724,0.9995689655172414,0.9991379310344827,0.9995689655172414,0.9991379310344826,0.9992241379310343,0.00032255667127369493
0.08290224075317383,0.02177310848588884,0.0015990734100341797,0.0004910590508700589,,entropy,49,"{'DT__class_weight': None, 'DT__criterion': 'entropy', 'DT__max_depth': 49}",0.916282665841967,0.9055048708829443,0.9081799907221276,0.922746250193289,0.8981753517859904,0.9101778258852637,0.008545426832874008,87,0.998706896551724,0.9995689655172414,0.9991379310344827,0.9995689655172414,0.9991379310344826,0.9992241379310343,0.00032255667127369493
0.08739919662475586,0.023329416687434712,0.001299905776977539,0.0002442503287782272,,entropy,50,"{'DT__class_weight': None, 'DT__criterion': 'entropy', 'DT__max_depth': 50}",0.916282665841967,0.9055048708829443,0.9081799907221276,0.922746250193289,0.8981753517859904,0.9101778258852637,0.008545426832874008,87,0.998706896551724,0.9995689655172414,0.9991379310344827,0.9995689655172414,0.9991379310344826,0.9992241379310343,0.00032255667127369493
