mean_fit_time,std_fit_time,mean_score_time,std_score_time,param_SVM__C,param_SVM__class_weight,param_SVM__max_iter,param_SVM__tol,params,split0_test_score,split1_test_score,split2_test_score,split3_test_score,split4_test_score,mean_test_score,std_test_score,rank_test_score,split0_train_score,split1_train_score,split2_train_score,split3_train_score,split4_train_score,mean_train_score,std_train_score
0.02039966583251953,0.0033529355939685844,0.0016010284423828125,0.0003735795133018635,0.001,balanced,-1,1e-08,"{'SVM__C': 0.001, 'SVM__class_weight': 'balanced', 'SVM__max_iter': -1, 'SVM__tol': 1e-08}",0.5,0.5,0.49999999999999994,0.49999999999999994,0.49999999999999994,0.5,4.2998752849492583e-17,101,0.49999999999999983,0.49999999999999994,0.49999999999999994,0.49999999999999994,0.49999999999999983,0.4999999999999999,5.551115123125783e-17
0.022201108932495116,0.003280211400618907,0.003099870681762695,0.0027098183616877138,0.001,balanced,-1,0.01000001,"{'SVM__C': 0.001, 'SVM__class_weight': 'balanced', 'SVM__max_iter': -1, 'SVM__tol': 0.01000001}",0.5,0.5,0.49999999999999994,0.49999999999999994,0.49999999999999994,0.5,4.2998752849492583e-17,101,0.49999999999999983,0.49999999999999994,0.49999999999999994,0.49999999999999994,0.49999999999999983,0.4999999999999999,5.551115123125783e-17
0.01960015296936035,0.0016555838527135083,0.0017000675201416016,0.0004002337338717614,0.001,balanced,-1,0.020000010000000002,"{'SVM__C': 0.001, 'SVM__class_weight': 'balanced', 'SVM__max_iter': -1, 'SVM__tol': 0.020000010000000002}",0.5,0.5,0.49999999999999994,0.49999999999999994,0.49999999999999994,0.5,4.2998752849492583e-17,101,0.49999999999999983,0.49999999999999994,0.49999999999999994,0.49999999999999994,0.49999999999999983,0.4999999999999999,5.551115123125783e-17
0.019901418685913087,0.0013189303866344472,0.002397918701171875,0.0006636834925662771,0.001,balanced,-1,0.03000001,"{'SVM__C': 0.001, 'SVM__class_weight': 'balanced', 'SVM__max_iter': -1, 'SVM__tol': 0.03000001}",0.5,0.5,0.49999999999999994,0.49999999999999994,0.49999999999999994,0.5,4.2998752849492583e-17,101,0.49999999999999983,0.49999999999999994,0.49999999999999994,0.49999999999999994,0.49999999999999983,0.4999999999999999,5.551115123125783e-17
0.022200536727905274,0.0022280577523499743,0.0020014762878417967,0.0009993621872531832,0.001,balanced,-1,0.04000001,"{'SVM__C': 0.001, 'SVM__class_weight': 'balanced', 'SVM__max_iter': -1, 'SVM__tol': 0.04000001}",0.5,0.5,0.49999999999999994,0.49999999999999994,0.49999999999999994,0.5,4.2998752849492583e-17,101,0.49999999999999983,0.49999999999999994,0.49999999999999994,0.49999999999999994,0.49999999999999983,0.4999999999999999,5.551115123125783e-17
0.021299266815185548,0.002420478324033797,0.005300092697143555,0.004272929517135415,0.001,balanced,-1,0.050000010000000004,"{'SVM__C': 0.001, 'SVM__class_weight': 'balanced', 'SVM__max_iter': -1, 'SVM__tol': 0.050000010000000004}",0.5,0.5,0.49999999999999994,0.49999999999999994,0.49999999999999994,0.5,4.2998752849492583e-17,101,0.49999999999999983,0.49999999999999994,0.49999999999999994,0.49999999999999994,0.49999999999999983,0.4999999999999999,5.551115123125783e-17
0.024698591232299803,0.009953789213112978,0.002000093460083008,0.0007741099758762002,0.001,balanced,-1,0.06000001,"{'SVM__C': 0.001, 'SVM__class_weight': 'balanced', 'SVM__max_iter': -1, 'SVM__tol': 0.06000001}",0.5,0.5,0.49999999999999994,0.49999999999999994,0.49999999999999994,0.5,4.2998752849492583e-17,101,0.49999999999999983,0.49999999999999994,0.49999999999999994,0.49999999999999994,0.49999999999999983,0.4999999999999999,5.551115123125783e-17
0.02120046615600586,0.003059550206528527,0.002600860595703125,0.0007998707237682216,0.001,balanced,-1,0.07000001,"{'SVM__C': 0.001, 'SVM__class_weight': 'balanced', 'SVM__max_iter': -1, 'SVM__tol': 0.07000001}",0.5,0.5,0.49999999999999994,0.49999999999999994,0.49999999999999994,0.5,4.2998752849492583e-17,101,0.49999999999999983,0.49999999999999994,0.49999999999999994,0.49999999999999994,0.49999999999999983,0.4999999999999999,5.551115123125783e-17
0.019299983978271484,0.0012882724425836735,0.0020001411437988283,0.0004471815733087509,0.001,balanced,-1,0.08000001,"{'SVM__C': 0.001, 'SVM__class_weight': 'balanced', 'SVM__max_iter': -1, 'SVM__tol': 0.08000001}",0.5,0.5,0.49999999999999994,0.49999999999999994,0.49999999999999994,0.5,4.2998752849492583e-17,101,0.49999999999999983,0.49999999999999994,0.49999999999999994,0.49999999999999994,0.49999999999999983,0.4999999999999999,5.551115123125783e-17
0.024998569488525392,0.006804751166999475,0.0017010688781738282,0.0003988995318906379,0.001,balanced,-1,0.09000000999999999,"{'SVM__C': 0.001, 'SVM__class_weight': 'balanced', 'SVM__max_iter': -1, 'SVM__tol': 0.09000000999999999}",0.5,0.5,0.49999999999999994,0.49999999999999994,0.49999999999999994,0.5,4.2998752849492583e-17,101,0.49999999999999983,0.49999999999999994,0.49999999999999994,0.49999999999999994,0.49999999999999983,0.4999999999999999,5.551115123125783e-17
0.10410017967224121,0.016063769247070658,0.0024001598358154297,0.0007355854974007314,0.001,balanced,272,1e-08,"{'SVM__C': 0.001, 'SVM__class_weight': 'balanced', 'SVM__max_iter': 272, 'SVM__tol': 1e-08}",0.9037807329519099,0.901971547858358,0.8986083191588061,0.9111952992113809,0.9350780887583114,0.9101267975877532,0.013138984790514783,91,0.9164334312664293,0.9154205968764496,0.9140192515849699,0.9162826658419668,0.9088680995824956,0.9142048090304623,0.00280275883314307
0.054501008987426755,0.00626947146907636,0.001801776885986328,0.00024232024598986544,0.001,balanced,272,0.01000001,"{'SVM__C': 0.001, 'SVM__class_weight': 'balanced', 'SVM__max_iter': 272, 'SVM__tol': 0.01000001}",0.9037807329519099,0.901971547858358,0.8986083191588061,0.9111952992113809,0.9339570125251275,0.9099025823411164,0.012713972291351378,100,0.9164334312664293,0.9151403278181537,0.9144502860677284,0.9162826658419669,0.909859672181846,0.914433276635225,0.0024016214264027656
0.04699997901916504,0.003082997346265571,0.0018000602722167969,0.0002459650214035954,0.001,balanced,272,0.020000010000000002,"{'SVM__C': 0.001, 'SVM__class_weight': 'balanced', 'SVM__max_iter': 272, 'SVM__tol': 0.020000010000000002}",0.9043837946497604,0.901971547858358,0.8986083191588061,0.9111952992113809,0.9339570125251275,0.9100231946806866,0.0126580622378159,92,0.9161531622081334,0.9151403278181537,0.9148813205504871,0.9162826658419669,0.909859672181846,0.9144634297201175,0.0023661032606596567
0.050901031494140624,0.0075189697670112006,0.001999187469482422,0.0003169081923470105,0.001,balanced,272,0.03000001,"{'SVM__C': 0.001, 'SVM__class_weight': 'balanced', 'SVM__max_iter': 272, 'SVM__tol': 0.03000001}",0.9043837946497604,0.901971547858358,0.8986083191588061,0.9111952992113809,0.9339570125251275,0.9100231946806866,0.0126580622378159,92,0.9161531622081334,0.9151403278181537,0.9148813205504871,0.9162826658419669,0.9094286376990875,0.9143772228235658,0.0025341512298713144
0.046598958969116214,0.0026911076810687056,0.0019016742706298828,0.00037284075169054725,0.001,balanced,272,0.04000001,"{'SVM__C': 0.001, 'SVM__class_weight': 'balanced', 'SVM__max_iter': 272, 'SVM__tol': 0.04000001}",0.9043837946497604,0.901971547858358,0.8986083191588061,0.9111952992113809,0.9339570125251275,0.9100231946806866,0.0126580622378159,92,0.9161531622081334,0.9151403278181537,0.9148813205504871,0.9162826658419669,0.9094286376990875,0.9143772228235658,0.0025341512298713144
0.05240092277526855,0.00953575532517759,0.002099275588989258,0.00048750166946688465,0.001,balanced,272,0.050000010000000004,"{'SVM__C': 0.001, 'SVM__class_weight': 'balanced', 'SVM__max_iter': 272, 'SVM__tol': 0.050000010000000004}",0.9043837946497604,0.901971547858358,0.8986083191588061,0.9111952992113809,0.9339570125251275,0.9100231946806866,0.0126580622378159,92,0.9161531622081334,0.9151403278181537,0.9148813205504871,0.9162826658419669,0.9094286376990875,0.9143772228235658,0.0025341512298713144
0.054198932647705075,0.015425685708931401,0.002001380920410156,0.00031567907739281305,0.001,balanced,272,0.06000001,"{'SVM__C': 0.001, 'SVM__class_weight': 'balanced', 'SVM__max_iter': 272, 'SVM__tol': 0.06000001}",0.9043837946497604,0.901971547858358,0.8986083191588061,0.9111952992113809,0.9339570125251275,0.9100231946806866,0.0126580622378159,92,0.9161531622081334,0.9151403278181537,0.9148813205504871,0.9162826658419669,0.9094286376990875,0.9143772228235658,0.0025341512298713144
0.06340012550354004,0.00952560693781267,0.0031003475189208983,0.0014293609077014537,0.001,balanced,272,0.07000001,"{'SVM__C': 0.001, 'SVM__class_weight': 'balanced', 'SVM__max_iter': 272, 'SVM__tol': 0.07000001}",0.9043837946497604,0.901971547858358,0.8986083191588061,0.9111952992113809,0.9339570125251275,0.9100231946806866,0.0126580622378159,92,0.9161531622081334,0.9151403278181537,0.9148813205504871,0.9162826658419669,0.9094286376990875,0.9143772228235658,0.0025341512298713144
0.04509735107421875,0.0042809522017290946,0.004202938079833985,0.004164806940028069,0.001,balanced,272,0.08000001,"{'SVM__C': 0.001, 'SVM__class_weight': 'balanced', 'SVM__max_iter': 272, 'SVM__tol': 0.08000001}",0.9043837946497604,0.901971547858358,0.8986083191588061,0.9111952992113809,0.9339570125251275,0.9100231946806866,0.0126580622378159,92,0.9161531622081334,0.9151403278181537,0.9148813205504871,0.9162826658419669,0.9094286376990875,0.9143772228235658,0.0025341512298713144
0.053600740432739255,0.007255903411357531,0.0021003246307373046,0.0003747767039180527,0.001,balanced,272,0.09000000999999999,"{'SVM__C': 0.001, 'SVM__class_weight': 'balanced', 'SVM__max_iter': 272, 'SVM__tol': 0.09000000999999999}",0.9043837946497604,0.901971547858358,0.8986083191588061,0.9111952992113809,0.9339570125251275,0.9100231946806866,0.0126580622378159,92,0.9161531622081334,0.9151403278181537,0.9148813205504871,0.9162826658419669,0.9094286376990875,0.9143772228235658,0.0025341512298713144
0.022398996353149413,0.0008595775946588412,0.00200037956237793,9.933789566039876e-07,0.251,balanced,-1,1e-08,"{'SVM__C': 0.251, 'SVM__class_weight': 'balanced', 'SVM__max_iter': -1, 'SVM__tol': 1e-08}",0.5,0.5,0.49999999999999994,0.49999999999999994,0.49999999999999994,0.5,4.2998752849492583e-17,101,0.49999999999999983,0.49999999999999994,0.49999999999999994,0.49999999999999994,0.49999999999999983,0.4999999999999999,5.551115123125783e-17
0.02200007438659668,0.00044712926503071124,0.002299594879150391,0.0002451267851737712,0.251,balanced,-1,0.01000001,"{'SVM__C': 0.251, 'SVM__class_weight': 'balanced', 'SVM__max_iter': -1, 'SVM__tol': 0.01000001}",0.5,0.5,0.49999999999999994,0.49999999999999994,0.49999999999999994,0.5,4.2998752849492583e-17,101,0.49999999999999983,0.49999999999999994,0.49999999999999994,0.49999999999999994,0.49999999999999983,0.4999999999999999,5.551115123125783e-17
0.023597335815429686,0.003890772092249949,0.0023016929626464844,0.0006002210718355218,0.251,balanced,-1,0.020000010000000002,"{'SVM__C': 0.251, 'SVM__class_weight': 'balanced', 'SVM__max_iter': -1, 'SVM__tol': 0.020000010000000002}",0.5,0.5,0.49999999999999994,0.49999999999999994,0.49999999999999994,0.5,4.2998752849492583e-17,101,0.49999999999999983,0.49999999999999994,0.49999999999999994,0.49999999999999994,0.49999999999999983,0.4999999999999999,5.551115123125783e-17
0.021700143814086914,0.0009276187293894361,0.001999187469482422,0.00031582805857460246,0.251,balanced,-1,0.03000001,"{'SVM__C': 0.251, 'SVM__class_weight': 'balanced', 'SVM__max_iter': -1, 'SVM__tol': 0.03000001}",0.5,0.5,0.49999999999999994,0.49999999999999994,0.49999999999999994,0.5,4.2998752849492583e-17,101,0.49999999999999983,0.49999999999999994,0.49999999999999994,0.49999999999999994,0.49999999999999983,0.4999999999999999,5.551115123125783e-17
0.027099800109863282,0.006805961138927854,0.0069004535675048825,0.007015451734457224,0.251,balanced,-1,0.04000001,"{'SVM__C': 0.251, 'SVM__class_weight': 'balanced', 'SVM__max_iter': -1, 'SVM__tol': 0.04000001}",0.5,0.5,0.49999999999999994,0.49999999999999994,0.49999999999999994,0.5,4.2998752849492583e-17,101,0.49999999999999983,0.49999999999999994,0.49999999999999994,0.49999999999999994,0.49999999999999983,0.4999999999999999,5.551115123125783e-17
0.022299432754516603,0.002292489860191573,0.0022002696990966798,0.00067855009283477,0.251,balanced,-1,0.050000010000000004,"{'SVM__C': 0.251, 'SVM__class_weight': 'balanced', 'SVM__max_iter': -1, 'SVM__tol': 0.050000010000000004}",0.5,0.5,0.49999999999999994,0.49999999999999994,0.49999999999999994,0.5,4.2998752849492583e-17,101,0.49999999999999983,0.49999999999999994,0.49999999999999994,0.49999999999999994,0.49999999999999983,0.4999999999999999,5.551115123125783e-17
0.026199483871459962,0.006926161464265611,0.004202365875244141,0.0018596608210787538,0.251,balanced,-1,0.06000001,"{'SVM__C': 0.251, 'SVM__class_weight': 'balanced', 'SVM__max_iter': -1, 'SVM__tol': 0.06000001}",0.5,0.5,0.49999999999999994,0.49999999999999994,0.49999999999999994,0.5,4.2998752849492583e-17,101,0.49999999999999983,0.49999999999999994,0.49999999999999994,0.49999999999999994,0.49999999999999983,0.4999999999999999,5.551115123125783e-17
0.02210063934326172,0.0015296358513216073,0.0046997547149658205,0.0019390201641071526,0.251,balanced,-1,0.07000001,"{'SVM__C': 0.251, 'SVM__class_weight': 'balanced', 'SVM__max_iter': -1, 'SVM__tol': 0.07000001}",0.5,0.5,0.49999999999999994,0.49999999999999994,0.49999999999999994,0.5,4.2998752849492583e-17,101,0.49999999999999983,0.49999999999999994,0.49999999999999994,0.49999999999999994,0.49999999999999983,0.4999999999999999,5.551115123125783e-17
0.021501779556274414,0.0008939426459039263,0.004298734664916992,0.0033254331333659806,0.251,balanced,-1,0.08000001,"{'SVM__C': 0.251, 'SVM__class_weight': 'balanced', 'SVM__max_iter': -1, 'SVM__tol': 0.08000001}",0.5,0.5,0.49999999999999994,0.49999999999999994,0.49999999999999994,0.5,4.2998752849492583e-17,101,0.49999999999999983,0.49999999999999994,0.49999999999999994,0.49999999999999994,0.49999999999999983,0.4999999999999999,5.551115123125783e-17
0.023999834060668947,0.003210109314759907,0.0033000946044921876,0.0016309028269210122,0.251,balanced,-1,0.09000000999999999,"{'SVM__C': 0.251, 'SVM__class_weight': 'balanced', 'SVM__max_iter': -1, 'SVM__tol': 0.09000000999999999}",0.5,0.5,0.49999999999999994,0.49999999999999994,0.49999999999999994,0.5,4.2998752849492583e-17,101,0.49999999999999983,0.49999999999999994,0.49999999999999994,0.49999999999999994,0.49999999999999983,0.4999999999999999,5.551115123125783e-17
0.2504988670349121,0.05661833432503888,0.0017995357513427735,0.0002452434928061033,0.251,balanced,272,1e-08,"{'SVM__C': 0.251, 'SVM__class_weight': 'balanced', 'SVM__max_iter': 272, 'SVM__tol': 1e-08}",0.9039508272769446,0.9192129271687027,0.9180918509355187,0.9180918509355188,0.9392995206432659,0.9197293953919901,0.011292323562768283,32,0.9272943404979123,0.9264110097417658,0.9282646513066338,0.9314983763723519,0.925527678985619,0.9277992113808565,0.0020611799426854902
0.08170099258422851,0.009341254463593419,0.002099895477294922,0.00020104087949906091,0.251,balanced,272,0.01000001,"{'SVM__C': 0.251, 'SVM__class_weight': 'balanced', 'SVM__max_iter': 272, 'SVM__tol': 0.01000001}",0.9061929797433123,0.9192129271687027,0.9158496984691511,0.9180918509355188,0.9404205968764496,0.9199536106386269,0.011217034764908422,8,0.9279843822483376,0.9269928096489871,0.9266912788000619,0.9304855419823719,0.9249671408690272,0.9274242307097571,0.0018136168047871767
0.10600113868713379,0.031671759103217505,0.0023986339569091798,0.0006617697294711805,0.251,balanced,272,0.020000010000000002,"{'SVM__C': 0.251, 'SVM__class_weight': 'balanced', 'SVM__max_iter': 272, 'SVM__tol': 0.020000010000000002}",0.907314055976496,0.9192129271687027,0.9158496984691511,0.9180918509355188,0.9404205968764496,0.9201778258852636,0.010947706258587752,1,0.9286956857893921,0.9279631204577082,0.9266912788000619,0.9304855419823719,0.9249671408690272,0.9277605535797122,0.001859439190233679
0.08039851188659668,0.014232794945090065,0.001701211929321289,0.00024795048965733213,0.251,balanced,272,0.03000001,"{'SVM__C': 0.251, 'SVM__class_weight': 'balanced', 'SVM__max_iter': 272, 'SVM__tol': 0.03000001}",0.9095562084428638,0.9163677130044844,0.9158496984691511,0.9180918509355188,0.9404205968764496,0.9200572135456936,0.010584108242051941,5,0.9281138858821707,0.9251179062934899,0.9266912788000619,0.9286531622081335,0.9249671408690272,0.9267086748105766,0.0015046220097215818
0.06270046234130859,0.006415579657141078,0.0019003391265869141,0.00019927541151475695,0.251,balanced,272,0.04000001,"{'SVM__C': 0.251, 'SVM__class_weight': 'balanced', 'SVM__max_iter': 272, 'SVM__tol': 0.04000001}",0.9072290088139787,0.9163677130044844,0.9164527601670016,0.9180918509355188,0.9364543064790475,0.9189191278800061,0.009564710627968213,66,0.9274025823411162,0.9251179062934899,0.9273600587598577,0.9286531622081335,0.9197290088139785,0.9256525436833151,0.003173517198905603
0.06629948616027832,0.006453866459618819,0.002302122116088867,0.0006761883369687025,0.251,balanced,272,0.050000010000000004,"{'SVM__C': 0.251, 'SVM__class_weight': 'balanced', 'SVM__max_iter': 272, 'SVM__tol': 0.050000010000000004}",0.9072290088139787,0.9163677130044844,0.9164527601670016,0.9180918509355188,0.9364543064790475,0.9189191278800061,0.009564710627968213,66,0.9274025823411162,0.9251179062934899,0.9273600587598577,0.9286531622081335,0.9197290088139785,0.9256525436833151,0.003173517198905603
0.059199285507202146,0.004884769818528145,0.0019002914428710937,0.0004896097578439338,0.251,balanced,272,0.06000001,"{'SVM__C': 0.251, 'SVM__class_weight': 'balanced', 'SVM__max_iter': 272, 'SVM__tol': 0.06000001}",0.9072290088139787,0.9163677130044844,0.9164527601670016,0.9180918509355188,0.9364543064790475,0.9189191278800061,0.009564710627968213,66,0.9274025823411162,0.9251179062934899,0.9273600587598577,0.9286531622081335,0.9197290088139785,0.9256525436833151,0.003173517198905603
0.05759940147399902,0.006901341780634448,0.0017992019653320312,0.0003999951166155591,0.251,balanced,272,0.07000001,"{'SVM__C': 0.251, 'SVM__class_weight': 'balanced', 'SVM__max_iter': 272, 'SVM__tol': 0.07000001}",0.9072290088139787,0.9163677130044844,0.9164527601670016,0.9214550796350703,0.9346451213854956,0.919229936601206,0.00897225149083019,61,0.9274025823411162,0.9251179062934899,0.9273600587598577,0.9226612030307715,0.9173380238132054,0.9239759548476881,0.003749364989709106
0.05620021820068359,0.006809903581466789,0.0017001628875732422,0.0002443196526908265,0.251,balanced,272,0.08000001,"{'SVM__C': 0.251, 'SVM__class_weight': 'balanced', 'SVM__max_iter': 272, 'SVM__tol': 0.08000001}",0.9038657801144272,0.9100742229781972,0.9078320705118293,0.9214550796350703,0.9346451213854956,0.9155744549250039,0.011185367226138282,73,0.9219711612803462,0.922121926704809,0.9239117828977887,0.9226612030307715,0.9173380238132054,0.9216008195453842,0.0022380839072197083
0.056699371337890624,0.00789718277678183,0.0021007537841796877,0.00037440801234919877,0.251,balanced,272,0.09000000999999999,"{'SVM__C': 0.251, 'SVM__class_weight': 'balanced', 'SVM__max_iter': 272, 'SVM__tol': 0.09000000999999999}",0.9038657801144272,0.9100742229781972,0.9078320705118293,0.9214550796350703,0.9346451213854956,0.9155744549250039,0.011185367226138282,73,0.9219711612803462,0.922121926704809,0.9239117828977887,0.9226612030307715,0.9173380238132054,0.9216008195453842,0.0022380839072197083
0.024598360061645508,0.002973643186803678,0.0021010398864746093,0.0003742669794730433,0.501,balanced,-1,1e-08,"{'SVM__C': 0.501, 'SVM__class_weight': 'balanced', 'SVM__max_iter': -1, 'SVM__tol': 1e-08}",0.5,0.5,0.49999999999999994,0.49999999999999994,0.49999999999999994,0.5,4.2998752849492583e-17,101,0.49999999999999983,0.49999999999999994,0.49999999999999994,0.49999999999999994,0.49999999999999983,0.4999999999999999,5.551115123125783e-17
0.02299942970275879,0.0023438994686266626,0.002199745178222656,0.00024384170165836434,0.501,balanced,-1,0.01000001,"{'SVM__C': 0.501, 'SVM__class_weight': 'balanced', 'SVM__max_iter': -1, 'SVM__tol': 0.01000001}",0.5,0.5,0.49999999999999994,0.49999999999999994,0.49999999999999994,0.5,4.2998752849492583e-17,101,0.49999999999999983,0.49999999999999994,0.49999999999999994,0.49999999999999994,0.49999999999999983,0.4999999999999999,5.551115123125783e-17
0.02619900703430176,0.003573587414588695,0.0019988536834716795,0.0006320725989698119,0.501,balanced,-1,0.020000010000000002,"{'SVM__C': 0.501, 'SVM__class_weight': 'balanced', 'SVM__max_iter': -1, 'SVM__tol': 0.020000010000000002}",0.5,0.5,0.49999999999999994,0.49999999999999994,0.49999999999999994,0.5,4.2998752849492583e-17,101,0.49999999999999983,0.49999999999999994,0.49999999999999994,0.49999999999999994,0.49999999999999983,0.4999999999999999,5.551115123125783e-17
0.026198387145996094,0.0034726345904839027,0.003202486038208008,0.002908777648028392,0.501,balanced,-1,0.03000001,"{'SVM__C': 0.501, 'SVM__class_weight': 'balanced', 'SVM__max_iter': -1, 'SVM__tol': 0.03000001}",0.5,0.5,0.49999999999999994,0.49999999999999994,0.49999999999999994,0.5,4.2998752849492583e-17,101,0.49999999999999983,0.49999999999999994,0.49999999999999994,0.49999999999999994,0.49999999999999983,0.4999999999999999,5.551115123125783e-17
0.026899385452270507,0.0048818662017964766,0.002300071716308594,0.0003990175334262532,0.501,balanced,-1,0.04000001,"{'SVM__C': 0.501, 'SVM__class_weight': 'balanced', 'SVM__max_iter': -1, 'SVM__tol': 0.04000001}",0.5,0.5,0.49999999999999994,0.49999999999999994,0.49999999999999994,0.5,4.2998752849492583e-17,101,0.49999999999999983,0.49999999999999994,0.49999999999999994,0.49999999999999994,0.49999999999999983,0.4999999999999999,5.551115123125783e-17
0.03259663581848145,0.010657365941110337,0.0020990848541259767,0.00037383636039453675,0.501,balanced,-1,0.050000010000000004,"{'SVM__C': 0.501, 'SVM__class_weight': 'balanced', 'SVM__max_iter': -1, 'SVM__tol': 0.050000010000000004}",0.5,0.5,0.49999999999999994,0.49999999999999994,0.49999999999999994,0.5,4.2998752849492583e-17,101,0.49999999999999983,0.49999999999999994,0.49999999999999994,0.49999999999999994,0.49999999999999983,0.4999999999999999,5.551115123125783e-17
0.03119688034057617,0.00326258374536002,0.0023002147674560545,0.0004015412385415189,0.501,balanced,-1,0.06000001,"{'SVM__C': 0.501, 'SVM__class_weight': 'balanced', 'SVM__max_iter': -1, 'SVM__tol': 0.06000001}",0.5,0.5,0.49999999999999994,0.49999999999999994,0.49999999999999994,0.5,4.2998752849492583e-17,101,0.49999999999999983,0.49999999999999994,0.49999999999999994,0.49999999999999994,0.49999999999999983,0.4999999999999999,5.551115123125783e-17
0.023999643325805665,0.0031149915540343563,0.0028003692626953126,0.0013637513764223946,0.501,balanced,-1,0.07000001,"{'SVM__C': 0.501, 'SVM__class_weight': 'balanced', 'SVM__max_iter': -1, 'SVM__tol': 0.07000001}",0.5,0.5,0.49999999999999994,0.49999999999999994,0.49999999999999994,0.5,4.2998752849492583e-17,101,0.49999999999999983,0.49999999999999994,0.49999999999999994,0.49999999999999994,0.49999999999999983,0.4999999999999999,5.551115123125783e-17
0.026002025604248045,0.002967036711257227,0.0017022132873535157,0.00040166594192309014,0.501,balanced,-1,0.08000001,"{'SVM__C': 0.501, 'SVM__class_weight': 'balanced', 'SVM__max_iter': -1, 'SVM__tol': 0.08000001}",0.5,0.5,0.49999999999999994,0.49999999999999994,0.49999999999999994,0.5,4.2998752849492583e-17,101,0.49999999999999983,0.49999999999999994,0.49999999999999994,0.49999999999999994,0.49999999999999983,0.4999999999999999,5.551115123125783e-17
0.02330164909362793,0.0014729945419032417,0.0020980358123779295,0.00037628502111480204,0.501,balanced,-1,0.09000000999999999,"{'SVM__C': 0.501, 'SVM__class_weight': 'balanced', 'SVM__max_iter': -1, 'SVM__tol': 0.09000000999999999}",0.5,0.5,0.49999999999999994,0.49999999999999994,0.49999999999999994,0.5,4.2998752849492583e-17,101,0.49999999999999983,0.49999999999999994,0.49999999999999994,0.49999999999999994,0.49999999999999983,0.4999999999999999,5.551115123125783e-17
0.3654019355773926,0.10317500467434203,0.0021001815795898436,0.0003743057613699742,0.501,balanced,272,1e-08,"{'SVM__C': 0.501, 'SVM__class_weight': 'balanced', 'SVM__max_iter': 272, 'SVM__tol': 1e-08}",0.9056749652079791,0.9192129271687027,0.9180918509355187,0.9180918509355188,0.9392995206432659,0.920074222978197,0.010821757001026437,3,0.9272943404979123,0.9265617751662284,0.9284154167310964,0.9319294108551106,0.924277099118602,0.9276956084737898,0.0025130064345588706
0.13929972648620606,0.01846753818795032,0.002500152587890625,0.000548379557807522,0.501,balanced,272,0.01000001,"{'SVM__C': 0.501, 'SVM__class_weight': 'balanced', 'SVM__max_iter': 272, 'SVM__tol': 0.01000001}",0.9061929797433123,0.9192129271687027,0.9158496984691511,0.9180918509355188,0.9392995206432659,0.9197293953919902,0.010809483710613256,30,0.9277041131900414,0.9269928096489871,0.9293644657491881,0.9308083346219267,0.9237165610020099,0.9277172568424307,0.00239994261267394
0.1188997745513916,0.02101193976289422,0.0029002666473388673,0.0011135161269974984,0.501,balanced,272,0.020000010000000002,"{'SVM__C': 0.501, 'SVM__class_weight': 'balanced', 'SVM__max_iter': 272, 'SVM__tol': 0.020000010000000002}",0.907314055976496,0.9192129271687027,0.9158496984691511,0.9180918509355188,0.9392995206432659,0.9199536106386269,0.010534509312294492,8,0.9282646513066335,0.9269928096489871,0.9293644657491881,0.9297955002319468,0.9251179062934898,0.9279070666460492,0.001699019815813082
0.0891988754272461,0.013477728847369091,0.002100515365600586,0.0003744067066766745,0.501,balanced,272,0.03000001,"{'SVM__C': 0.501, 'SVM__class_weight': 'balanced', 'SVM__max_iter': 272, 'SVM__tol': 0.03000001}",0.9061079325807948,0.9163677130044844,0.9158496984691511,0.9163677130044843,0.9409386114117828,0.9191263336941394,0.011586289668361957,64,0.9281138858821707,0.9269502860677284,0.9293644657491881,0.9302265347147055,0.9216696304314208,0.9272649605690427,0.0030101912563736664
0.08089995384216309,0.01306015723942891,0.002201080322265625,0.0005094756123447497,0.501,balanced,272,0.04000001,"{'SVM__C': 0.501, 'SVM__class_weight': 'balanced', 'SVM__max_iter': 272, 'SVM__tol': 0.04000001}",0.9072290088139787,0.9163677130044844,0.9164527601670016,0.9163677130044843,0.9409386114117828,0.9194711612803462,0.01130570864509116,47,0.9274025823411162,0.9269502860677284,0.9282221277253749,0.9302265347147055,0.9216696304314208,0.9268942322560692,0.0028434335623722393
0.07280030250549316,0.011093139592686251,0.0019999027252197267,0.00031545152740586655,0.501,balanced,272,0.050000010000000004,"{'SVM__C': 0.501, 'SVM__class_weight': 'balanced', 'SVM__max_iter': 272, 'SVM__tol': 0.050000010000000004}",0.9072290088139787,0.9163677130044844,0.9164527601670016,0.9163677130044843,0.9409386114117828,0.9194711612803462,0.01130570864509116,47,0.9274025823411162,0.9269502860677284,0.9282221277253749,0.9302265347147055,0.9216696304314208,0.9268942322560692,0.0028434335623722393
0.0614008903503418,0.011133902233572251,0.0017996788024902343,0.0002447786599423073,0.501,balanced,272,0.06000001,"{'SVM__C': 0.501, 'SVM__class_weight': 'balanced', 'SVM__max_iter': 272, 'SVM__tol': 0.06000001}",0.9072290088139787,0.9163677130044844,0.9164527601670016,0.9163677130044843,0.9409386114117828,0.9194711612803462,0.01130570864509116,47,0.9274025823411162,0.9269502860677284,0.9282221277253749,0.9302265347147055,0.9216696304314208,0.9268942322560692,0.0028434335623722393
0.059900331497192386,0.003760304444189275,0.002901172637939453,0.0015634158415973698,0.501,balanced,272,0.07000001,"{'SVM__C': 0.501, 'SVM__class_weight': 'balanced', 'SVM__max_iter': 272, 'SVM__tol': 0.07000001}",0.9072290088139787,0.9163677130044844,0.9164527601670016,0.9163677130044843,0.9346451213854956,0.9182124632750889,0.008950656809678267,71,0.9274025823411162,0.9269502860677284,0.9282221277253749,0.9302265347147055,0.9173380238132054,0.9260279109324261,0.0044877090929888236
0.05619993209838867,0.011858892721204882,0.003000354766845703,0.0019988547840223215,0.501,balanced,272,0.08000001,"{'SVM__C': 0.501, 'SVM__class_weight': 'balanced', 'SVM__max_iter': 272, 'SVM__tol': 0.08000001}",0.9038657801144272,0.9094711612803464,0.9078320705118293,0.9214550796350703,0.9346451213854956,0.9154538425854337,0.011247107228792673,75,0.9219711612803462,0.9226824648214008,0.9239117828977887,0.9226612030307715,0.9173380238132054,0.9217129271687025,0.00227511147481938
0.062299489974975586,0.008412065169405068,0.0030999183654785156,0.0012424037589570441,0.501,balanced,272,0.09000000999999999,"{'SVM__C': 0.501, 'SVM__class_weight': 'balanced', 'SVM__max_iter': 272, 'SVM__tol': 0.09000000999999999}",0.9038657801144272,0.9094711612803464,0.9078320705118293,0.9214550796350703,0.9346451213854956,0.9154538425854337,0.011247107228792673,75,0.9219711612803462,0.9226824648214008,0.9239117828977887,0.9226612030307715,0.9173380238132054,0.9217129271687025,0.00227511147481938
0.029200363159179687,0.008946468742541262,0.003002023696899414,0.0020258464495567547,0.751,balanced,-1,1e-08,"{'SVM__C': 0.751, 'SVM__class_weight': 'balanced', 'SVM__max_iter': -1, 'SVM__tol': 1e-08}",0.5,0.5,0.49999999999999994,0.49999999999999994,0.49999999999999994,0.5,4.2998752849492583e-17,101,0.49999999999999983,0.49999999999999994,0.49999999999999994,0.49999999999999994,0.49999999999999983,0.4999999999999999,5.551115123125783e-17
0.024099206924438475,0.0019848597819942192,0.0031008243560791014,0.0017721667219803173,0.751,balanced,-1,0.01000001,"{'SVM__C': 0.751, 'SVM__class_weight': 'balanced', 'SVM__max_iter': -1, 'SVM__tol': 0.01000001}",0.5,0.5,0.49999999999999994,0.49999999999999994,0.49999999999999994,0.5,4.2998752849492583e-17,101,0.49999999999999983,0.49999999999999994,0.49999999999999994,0.49999999999999994,0.49999999999999983,0.4999999999999999,5.551115123125783e-17
0.022200632095336913,0.000927017295648808,0.0033005714416503907,0.002857673327687371,0.751,balanced,-1,0.020000010000000002,"{'SVM__C': 0.751, 'SVM__class_weight': 'balanced', 'SVM__max_iter': -1, 'SVM__tol': 0.020000010000000002}",0.5,0.5,0.49999999999999994,0.49999999999999994,0.49999999999999994,0.5,4.2998752849492583e-17,101,0.49999999999999983,0.49999999999999994,0.49999999999999994,0.49999999999999994,0.49999999999999983,0.4999999999999999,5.551115123125783e-17
0.024799823760986328,0.004915094253251892,0.003000640869140625,0.0022583658651610006,0.751,balanced,-1,0.03000001,"{'SVM__C': 0.751, 'SVM__class_weight': 'balanced', 'SVM__max_iter': -1, 'SVM__tol': 0.03000001}",0.5,0.5,0.49999999999999994,0.49999999999999994,0.49999999999999994,0.5,4.2998752849492583e-17,101,0.49999999999999983,0.49999999999999994,0.49999999999999994,0.49999999999999994,0.49999999999999983,0.4999999999999999,5.551115123125783e-17
0.0382997989654541,0.010627650040681308,0.006400775909423828,0.008351385302429388,0.751,balanced,-1,0.04000001,"{'SVM__C': 0.751, 'SVM__class_weight': 'balanced', 'SVM__max_iter': -1, 'SVM__tol': 0.04000001}",0.5,0.5,0.49999999999999994,0.49999999999999994,0.49999999999999994,0.5,4.2998752849492583e-17,101,0.49999999999999983,0.49999999999999994,0.49999999999999994,0.49999999999999994,0.49999999999999983,0.4999999999999999,5.551115123125783e-17
0.031099224090576173,0.006166800508041347,0.0038008689880371094,0.0018070483447385451,0.751,balanced,-1,0.050000010000000004,"{'SVM__C': 0.751, 'SVM__class_weight': 'balanced', 'SVM__max_iter': -1, 'SVM__tol': 0.050000010000000004}",0.5,0.5,0.49999999999999994,0.49999999999999994,0.49999999999999994,0.5,4.2998752849492583e-17,101,0.49999999999999983,0.49999999999999994,0.49999999999999994,0.49999999999999994,0.49999999999999983,0.4999999999999999,5.551115123125783e-17
0.040799427032470706,0.01765343512919999,0.0035007953643798827,0.0017616918796375372,0.751,balanced,-1,0.06000001,"{'SVM__C': 0.751, 'SVM__class_weight': 'balanced', 'SVM__max_iter': -1, 'SVM__tol': 0.06000001}",0.5,0.5,0.49999999999999994,0.49999999999999994,0.49999999999999994,0.5,4.2998752849492583e-17,101,0.49999999999999983,0.49999999999999994,0.49999999999999994,0.49999999999999994,0.49999999999999983,0.4999999999999999,5.551115123125783e-17
0.0248992919921875,0.0018554071223814467,0.003399944305419922,0.0011576401339089737,0.751,balanced,-1,0.07000001,"{'SVM__C': 0.751, 'SVM__class_weight': 'balanced', 'SVM__max_iter': -1, 'SVM__tol': 0.07000001}",0.5,0.5,0.49999999999999994,0.49999999999999994,0.49999999999999994,0.5,4.2998752849492583e-17,101,0.49999999999999983,0.49999999999999994,0.49999999999999994,0.49999999999999994,0.49999999999999983,0.4999999999999999,5.551115123125783e-17
0.025398111343383788,0.0023761117051866983,0.0021007537841796877,0.00019846346327641825,0.751,balanced,-1,0.08000001,"{'SVM__C': 0.751, 'SVM__class_weight': 'balanced', 'SVM__max_iter': -1, 'SVM__tol': 0.08000001}",0.5,0.5,0.49999999999999994,0.49999999999999994,0.49999999999999994,0.5,4.2998752849492583e-17,101,0.49999999999999983,0.49999999999999994,0.49999999999999994,0.49999999999999994,0.49999999999999983,0.4999999999999999,5.551115123125783e-17
0.029098939895629884,0.005425983211710219,0.001600790023803711,0.00019954204508049683,0.751,balanced,-1,0.09000000999999999,"{'SVM__C': 0.751, 'SVM__class_weight': 'balanced', 'SVM__max_iter': -1, 'SVM__tol': 0.09000000999999999}",0.5,0.5,0.49999999999999994,0.49999999999999994,0.49999999999999994,0.5,4.2998752849492583e-17,101,0.49999999999999983,0.49999999999999994,0.49999999999999994,0.49999999999999994,0.49999999999999983,0.4999999999999999,5.551115123125783e-17
0.3861997127532959,0.1170002714669437,0.0026001930236816406,0.0005826619360509006,0.751,balanced,272,1e-08,"{'SVM__C': 0.751, 'SVM__class_weight': 'balanced', 'SVM__max_iter': 272, 'SVM__tol': 1e-08}",0.9056749652079791,0.9192129271687027,0.9180918509355187,0.9163677130044843,0.9392995206432659,0.9197293953919901,0.010906566919933301,32,0.9270140714396163,0.9269928096489871,0.9288464512138548,0.9313688727385185,0.9239968300603061,0.9276438070202566,0.0024266550264551313
0.11049833297729492,0.03209135787466716,0.0026001930236816406,0.001462285680107163,0.751,balanced,272,0.01000001,"{'SVM__C': 0.751, 'SVM__class_weight': 'balanced', 'SVM__max_iter': 272, 'SVM__tol': 0.01000001}",0.9061929797433123,0.9192129271687027,0.9158496984691511,0.9180918509355188,0.9392995206432659,0.9197293953919902,0.010809483710613256,30,0.9274238441317457,0.9264322715323953,0.927553347765579,0.9305068037730012,0.9239968300603061,0.9271826194526055,0.0020956195397677725
0.09399957656860351,0.01845842003931554,0.0019997119903564452,0.00031598004214446163,0.751,balanced,272,0.020000010000000002,"{'SVM__C': 0.751, 'SVM__class_weight': 'balanced', 'SVM__max_iter': 272, 'SVM__tol': 0.020000010000000002}",0.907314055976496,0.9192129271687027,0.9158496984691511,0.9180918509355188,0.9386964589454152,0.9198329982990568,0.01031345552485197,12,0.9282646513066335,0.9264322715323953,0.927553347765579,0.9300757692902428,0.9243853409618058,0.9273422761713312,0.0018941428676567855
0.08179936408996583,0.015781665637550166,0.0019012451171875,0.0003740003362614451,0.751,balanced,272,0.03000001,"{'SVM__C': 0.751, 'SVM__class_weight': 'balanced', 'SVM__max_iter': 272, 'SVM__tol': 0.03000001}",0.9061079325807948,0.9192129271687027,0.9158496984691511,0.9163677130044843,0.9386964589454152,0.9192469460337095,0.010684097136895901,59,0.9276828513994123,0.9264322715323953,0.927553347765579,0.9305068037730012,0.9243853409618058,0.9273121230864387,0.001987048357699702
0.07200002670288086,0.008318558217885835,0.0028000831604003905,0.001860990483459821,0.751,balanced,272,0.04000001,"{'SVM__C': 0.751, 'SVM__class_weight': 'balanced', 'SVM__max_iter': 272, 'SVM__tol': 0.04000001}",0.9072290088139787,0.9163677130044844,0.9164527601670016,0.9163677130044843,0.9409386114117828,0.9194711612803462,0.01130570864509116,47,0.9269715478583574,0.9265192515849697,0.927941858667079,0.9305068037730012,0.9209370650997369,0.9265753053966289,0.003139237203148898
0.0722989559173584,0.01806214649466331,0.005701112747192383,0.0064231192361851805,0.751,balanced,272,0.050000010000000004,"{'SVM__C': 0.751, 'SVM__class_weight': 'balanced', 'SVM__max_iter': 272, 'SVM__tol': 0.050000010000000004}",0.9072290088139787,0.9163677130044844,0.9164527601670016,0.9163677130044843,0.9409386114117828,0.9194711612803462,0.01130570864509116,47,0.9269715478583574,0.9265192515849697,0.927941858667079,0.9305068037730012,0.9209370650997369,0.9265753053966289,0.003139237203148898
0.07200021743774414,0.01914462794278728,0.0019002914428710937,0.00020079921297897093,0.751,balanced,272,0.06000001,"{'SVM__C': 0.751, 'SVM__class_weight': 'balanced', 'SVM__max_iter': 272, 'SVM__tol': 0.06000001}",0.9072290088139787,0.9163677130044844,0.9164527601670016,0.9163677130044843,0.9409386114117828,0.9194711612803462,0.01130570864509116,47,0.9269715478583574,0.9265192515849697,0.927941858667079,0.9305068037730012,0.9209370650997369,0.9265753053966289,0.003139237203148898
0.056400489807128903,0.002764305267728323,0.0020006179809570314,0.0003135680354714582,0.751,balanced,272,0.07000001,"{'SVM__C': 0.751, 'SVM__class_weight': 'balanced', 'SVM__max_iter': 272, 'SVM__tol': 0.07000001}",0.9072290088139787,0.9163677130044844,0.9164527601670016,0.9163677130044843,0.9346451213854956,0.9182124632750889,0.008950656809678267,71,0.9269715478583574,0.9265192515849697,0.927941858667079,0.9305068037730012,0.9170577547549095,0.9257994433276634,0.004583846810487253
0.051599645614624025,0.0013189916534975484,0.0021002769470214845,0.00020024971615276025,0.751,balanced,272,0.08000001,"{'SVM__C': 0.751, 'SVM__class_weight': 'balanced', 'SVM__max_iter': 272, 'SVM__tol': 0.08000001}",0.9038657801144272,0.9094711612803464,0.9078320705118293,0.9214550796350703,0.9346451213854956,0.9154538425854337,0.011247107228792673,75,0.9219711612803462,0.9226824648214008,0.9239117828977887,0.9226612030307715,0.9170577547549095,0.9216568733570434,0.0023830988983869826
0.05869998931884766,0.0031076251585627087,0.0018006324768066405,0.0002450698810689,0.751,balanced,272,0.09000000999999999,"{'SVM__C': 0.751, 'SVM__class_weight': 'balanced', 'SVM__max_iter': 272, 'SVM__tol': 0.09000000999999999}",0.9038657801144272,0.9094711612803464,0.9078320705118293,0.9214550796350703,0.9346451213854956,0.9154538425854337,0.011247107228792673,75,0.9219711612803462,0.9226824648214008,0.9239117828977887,0.9226612030307715,0.9170577547549095,0.9216568733570434,0.0023830988983869826
0.026397132873535158,0.005589162540692335,0.001900482177734375,0.00037367085829139167,1.001,balanced,-1,1e-08,"{'SVM__C': 1.001, 'SVM__class_weight': 'balanced', 'SVM__max_iter': -1, 'SVM__tol': 1e-08}",0.5,0.5,0.49999999999999994,0.49999999999999994,0.49999999999999994,0.5,4.2998752849492583e-17,101,0.49999999999999983,0.49999999999999994,0.49999999999999994,0.49999999999999994,0.49999999999999983,0.4999999999999999,5.551115123125783e-17
0.025400447845458984,0.0029553414237414983,0.0036998271942138674,0.0020395443591105394,1.001,balanced,-1,0.01000001,"{'SVM__C': 1.001, 'SVM__class_weight': 'balanced', 'SVM__max_iter': -1, 'SVM__tol': 0.01000001}",0.5,0.5,0.49999999999999994,0.49999999999999994,0.49999999999999994,0.5,4.2998752849492583e-17,101,0.49999999999999983,0.49999999999999994,0.49999999999999994,0.49999999999999994,0.49999999999999983,0.4999999999999999,5.551115123125783e-17
0.026900100708007812,0.005170830472807893,0.002400922775268555,0.0002006606115985887,1.001,balanced,-1,0.020000010000000002,"{'SVM__C': 1.001, 'SVM__class_weight': 'balanced', 'SVM__max_iter': -1, 'SVM__tol': 0.020000010000000002}",0.5,0.5,0.49999999999999994,0.49999999999999994,0.49999999999999994,0.5,4.2998752849492583e-17,101,0.49999999999999983,0.49999999999999994,0.49999999999999994,0.49999999999999994,0.49999999999999983,0.4999999999999999,5.551115123125783e-17
0.026900196075439455,0.0065912500514496005,0.004899787902832031,0.005053970827854746,1.001,balanced,-1,0.03000001,"{'SVM__C': 1.001, 'SVM__class_weight': 'balanced', 'SVM__max_iter': -1, 'SVM__tol': 0.03000001}",0.5,0.5,0.49999999999999994,0.49999999999999994,0.49999999999999994,0.5,4.2998752849492583e-17,101,0.49999999999999983,0.49999999999999994,0.49999999999999994,0.49999999999999994,0.49999999999999983,0.4999999999999999,5.551115123125783e-17
0.02969961166381836,0.0065625979559436306,0.0032015323638916017,0.0019125310908456436,1.001,balanced,-1,0.04000001,"{'SVM__C': 1.001, 'SVM__class_weight': 'balanced', 'SVM__max_iter': -1, 'SVM__tol': 0.04000001}",0.5,0.5,0.49999999999999994,0.49999999999999994,0.49999999999999994,0.5,4.2998752849492583e-17,101,0.49999999999999983,0.49999999999999994,0.49999999999999994,0.49999999999999994,0.49999999999999983,0.4999999999999999,5.551115123125783e-17
0.025000238418579103,0.002073655322946521,0.005500030517578125,0.005412202858085371,1.001,balanced,-1,0.050000010000000004,"{'SVM__C': 1.001, 'SVM__class_weight': 'balanced', 'SVM__max_iter': -1, 'SVM__tol': 0.050000010000000004}",0.5,0.5,0.49999999999999994,0.49999999999999994,0.49999999999999994,0.5,4.2998752849492583e-17,101,0.49999999999999983,0.49999999999999994,0.49999999999999994,0.49999999999999994,0.49999999999999983,0.4999999999999999,5.551115123125783e-17
0.029802656173706053,0.004105812456467463,0.0018999576568603516,0.00037391507364996563,1.001,balanced,-1,0.06000001,"{'SVM__C': 1.001, 'SVM__class_weight': 'balanced', 'SVM__max_iter': -1, 'SVM__tol': 0.06000001}",0.5,0.5,0.49999999999999994,0.49999999999999994,0.49999999999999994,0.5,4.2998752849492583e-17,101,0.49999999999999983,0.49999999999999994,0.49999999999999994,0.49999999999999994,0.49999999999999983,0.4999999999999999,5.551115123125783e-17
0.02570061683654785,0.0011653745661147072,0.0023011684417724608,0.0002458676335258512,1.001,balanced,-1,0.07000001,"{'SVM__C': 1.001, 'SVM__class_weight': 'balanced', 'SVM__max_iter': -1, 'SVM__tol': 0.07000001}",0.5,0.5,0.49999999999999994,0.49999999999999994,0.49999999999999994,0.5,4.2998752849492583e-17,101,0.49999999999999983,0.49999999999999994,0.49999999999999994,0.49999999999999994,0.49999999999999983,0.4999999999999999,5.551115123125783e-17
0.02700200080871582,0.003389872871241795,0.0020983219146728516,0.0004902419384089376,1.001,balanced,-1,0.08000001,"{'SVM__C': 1.001, 'SVM__class_weight': 'balanced', 'SVM__max_iter': -1, 'SVM__tol': 0.08000001}",0.5,0.5,0.49999999999999994,0.49999999999999994,0.49999999999999994,0.5,4.2998752849492583e-17,101,0.49999999999999983,0.49999999999999994,0.49999999999999994,0.49999999999999994,0.49999999999999983,0.4999999999999999,5.551115123125783e-17
0.030399465560913087,0.0075720431580144736,0.003902149200439453,0.0019047339601932923,1.001,balanced,-1,0.09000000999999999,"{'SVM__C': 1.001, 'SVM__class_weight': 'balanced', 'SVM__max_iter': -1, 'SVM__tol': 0.09000000999999999}",0.5,0.5,0.49999999999999994,0.49999999999999994,0.49999999999999994,0.5,4.2998752849492583e-17,101,0.49999999999999983,0.49999999999999994,0.49999999999999994,0.49999999999999994,0.49999999999999983,0.4999999999999999,5.551115123125783e-17
0.5537993907928467,0.4687858598884275,0.005099773406982422,0.004431783054651883,1.001,balanced,272,1e-08,"{'SVM__C': 1.001, 'SVM__class_weight': 'balanced', 'SVM__max_iter': 272, 'SVM__tol': 1e-08}",0.9056749652079791,0.9192129271687027,0.9180918509355187,0.9163677130044843,0.9392995206432659,0.9197293953919901,0.010906566919933301,32,0.9270140714396163,0.9269928096489871,0.9295577547549095,0.9310886036802226,0.9242770991186018,0.9277860677284675,0.00234877482905373
0.12460098266601563,0.035093132429758166,0.0020988941192626952,0.000374139622172164,1.001,balanced,272,0.01000001,"{'SVM__C': 1.001, 'SVM__class_weight': 'balanced', 'SVM__max_iter': 272, 'SVM__tol': 0.01000001}",0.9039508272769446,0.9192129271687027,0.9180918509355187,0.9180918509355188,0.9392995206432659,0.9197293953919901,0.011292323562768283,32,0.9268633060151537,0.9257209679913406,0.9288464512138548,0.9305068037730012,0.9227037266120302,0.9269282511210761,0.002675589222141302
0.09770007133483886,0.01388103535828937,0.002300262451171875,0.0004000103050741448,1.001,balanced,272,0.020000010000000002,"{'SVM__C': 1.001, 'SVM__class_weight': 'balanced', 'SVM__max_iter': 272, 'SVM__tol': 0.020000010000000002}",0.9084351322096801,0.9192129271687027,0.9141255605381164,0.9180918509355188,0.9392995206432659,0.9198329982990568,0.010438848324525258,12,0.9282646513066335,0.9257209679913406,0.9296447348074841,0.9294939693830215,0.9239968300603061,0.9274242307097573,0.0022167066789761628
0.09700007438659668,0.029547590893970913,0.0024007320404052734,0.00037425510232081755,1.001,balanced,272,0.03000001,"{'SVM__C': 1.001, 'SVM__class_weight': 'balanced', 'SVM__max_iter': 272, 'SVM__tol': 0.03000001}",0.9072290088139787,0.9192129271687027,0.9141255605381164,0.9163677130044843,0.9386964589454152,0.9191263336941394,0.01055614854340297,64,0.9276828513994123,0.9257209679913406,0.9296447348074841,0.9305068037730012,0.9236740374207513,0.9274458790783979,0.0025084852055735213
0.08189978599548339,0.014721896483280941,0.0021999835968017577,0.0002447175774741793,1.001,balanced,272,0.04000001,"{'SVM__C': 1.001, 'SVM__class_weight': 'balanced', 'SVM__max_iter': 272, 'SVM__tol': 0.04000001}",0.9072290088139787,0.9152466367713007,0.9164527601670016,0.9163677130044843,0.9409386114117828,0.9192469460337095,0.011375931553775276,59,0.9276828513994123,0.9262389825266738,0.927941858667079,0.9305068037730012,0.921497603216329,0.9267736199164991,0.002974906208047506
0.08669905662536621,0.005192895668050075,0.0024005413055419923,0.00019939244397061963,1.001,balanced,272,0.050000010000000004,"{'SVM__C': 1.001, 'SVM__class_weight': 'balanced', 'SVM__max_iter': 272, 'SVM__tol': 0.050000010000000004}",0.9089531467450133,0.9152466367713007,0.9164527601670016,0.9163677130044843,0.9409386114117828,0.9195917736199165,0.01102720319970958,39,0.9259799752590071,0.9262389825266738,0.927941858667079,0.9305068037730012,0.921497603216329,0.926433044688418,0.0029486792723634973
0.06370067596435547,0.0041660692153865165,0.002098226547241211,0.00020116078441465037,1.001,balanced,272,0.06000001,"{'SVM__C': 1.001, 'SVM__class_weight': 'balanced', 'SVM__max_iter': 272, 'SVM__tol': 0.06000001}",0.9089531467450133,0.9152466367713007,0.9164527601670016,0.9163677130044843,0.9409386114117828,0.9195917736199165,0.01102720319970958,39,0.9259799752590071,0.9262389825266738,0.927941858667079,0.9305068037730012,0.921497603216329,0.926433044688418,0.0029486792723634973
0.05896062850952148,0.005134634395237409,0.0019000053405761718,0.0002003005211256656,1.001,balanced,272,0.07000001,"{'SVM__C': 1.001, 'SVM__class_weight': 'balanced', 'SVM__max_iter': 272, 'SVM__tol': 0.07000001}",0.9089531467450133,0.9152466367713007,0.9164527601670016,0.9214550796350703,0.9346451213854956,0.9193505489407763,0.008622044339976865,58,0.9259799752590071,0.9262389825266738,0.927941858667079,0.9226612030307715,0.9170577547549095,0.9239759548476882,0.0038589078779702893
0.06399922370910645,0.013685396014302723,0.003400850296020508,0.0018817908969775636,1.001,balanced,272,0.08000001,"{'SVM__C': 1.001, 'SVM__class_weight': 'balanced', 'SVM__max_iter': 272, 'SVM__tol': 0.08000001}",0.9038657801144272,0.9094711612803464,0.9078320705118293,0.9214550796350703,0.9346451213854956,0.9154538425854337,0.011247107228792673,75,0.9219711612803462,0.9229627338796967,0.9239117828977887,0.9226612030307715,0.9170577547549095,0.9217129271687025,0.0024097105843366474
0.06649928092956543,0.010334508552461893,0.0022001266479492188,0.0002441141740059873,1.001,balanced,272,0.09000000999999999,"{'SVM__C': 1.001, 'SVM__class_weight': 'balanced', 'SVM__max_iter': 272, 'SVM__tol': 0.09000000999999999}",0.9038657801144272,0.9094711612803464,0.9078320705118293,0.9214550796350703,0.9346451213854956,0.9154538425854337,0.011247107228792673,75,0.9219711612803462,0.9229627338796967,0.9239117828977887,0.9226612030307715,0.9170577547549095,0.9217129271687025,0.0024097105843366474
0.028800249099731445,0.008280339225693094,0.0026998043060302733,0.0007490105412645075,1.251,balanced,-1,1e-08,"{'SVM__C': 1.251, 'SVM__class_weight': 'balanced', 'SVM__max_iter': -1, 'SVM__tol': 1e-08}",0.5,0.5,0.49999999999999994,0.49999999999999994,0.49999999999999994,0.5,4.2998752849492583e-17,101,0.49999999999999983,0.49999999999999994,0.49999999999999994,0.49999999999999994,0.49999999999999983,0.4999999999999999,5.551115123125783e-17
0.02329869270324707,0.0006783321135414311,0.003500556945800781,0.0010494603557283004,1.251,balanced,-1,0.01000001,"{'SVM__C': 1.251, 'SVM__class_weight': 'balanced', 'SVM__max_iter': -1, 'SVM__tol': 0.01000001}",0.5,0.5,0.49999999999999994,0.49999999999999994,0.49999999999999994,0.5,4.2998752849492583e-17,101,0.49999999999999983,0.49999999999999994,0.49999999999999994,0.49999999999999994,0.49999999999999983,0.4999999999999999,5.551115123125783e-17
0.02410116195678711,0.0025960345982136857,0.0020990848541259767,0.0004902153249052488,1.251,balanced,-1,0.020000010000000002,"{'SVM__C': 1.251, 'SVM__class_weight': 'balanced', 'SVM__max_iter': -1, 'SVM__tol': 0.020000010000000002}",0.5,0.5,0.49999999999999994,0.49999999999999994,0.49999999999999994,0.5,4.2998752849492583e-17,101,0.49999999999999983,0.49999999999999994,0.49999999999999994,0.49999999999999994,0.49999999999999983,0.4999999999999999,5.551115123125783e-17
0.027799463272094725,0.004632139678877223,0.002200746536254883,0.00024545956827157895,1.251,balanced,-1,0.03000001,"{'SVM__C': 1.251, 'SVM__class_weight': 'balanced', 'SVM__max_iter': -1, 'SVM__tol': 0.03000001}",0.5,0.5,0.49999999999999994,0.49999999999999994,0.49999999999999994,0.5,4.2998752849492583e-17,101,0.49999999999999983,0.49999999999999994,0.49999999999999994,0.49999999999999994,0.49999999999999983,0.4999999999999999,5.551115123125783e-17
0.024900436401367188,0.0046181486731993035,0.002100419998168945,0.00019934373442177794,1.251,balanced,-1,0.04000001,"{'SVM__C': 1.251, 'SVM__class_weight': 'balanced', 'SVM__max_iter': -1, 'SVM__tol': 0.04000001}",0.5,0.5,0.49999999999999994,0.49999999999999994,0.49999999999999994,0.5,4.2998752849492583e-17,101,0.49999999999999983,0.49999999999999994,0.49999999999999994,0.49999999999999994,0.49999999999999983,0.4999999999999999,5.551115123125783e-17
0.032999420166015626,0.00599963288184794,0.00260014533996582,0.0012004622908601689,1.251,balanced,-1,0.050000010000000004,"{'SVM__C': 1.251, 'SVM__class_weight': 'balanced', 'SVM__max_iter': -1, 'SVM__tol': 0.050000010000000004}",0.5,0.5,0.49999999999999994,0.49999999999999994,0.49999999999999994,0.5,4.2998752849492583e-17,101,0.49999999999999983,0.49999999999999994,0.49999999999999994,0.49999999999999994,0.49999999999999983,0.4999999999999999,5.551115123125783e-17
0.03329944610595703,0.00913919526178341,0.002403402328491211,0.00037339225624160726,1.251,balanced,-1,0.06000001,"{'SVM__C': 1.251, 'SVM__class_weight': 'balanced', 'SVM__max_iter': -1, 'SVM__tol': 0.06000001}",0.5,0.5,0.49999999999999994,0.49999999999999994,0.49999999999999994,0.5,4.2998752849492583e-17,101,0.49999999999999983,0.49999999999999994,0.49999999999999994,0.49999999999999994,0.49999999999999983,0.4999999999999999,5.551115123125783e-17
0.02500019073486328,0.0016429184799928909,0.0020993709564208984,0.00019986904648182802,1.251,balanced,-1,0.07000001,"{'SVM__C': 1.251, 'SVM__class_weight': 'balanced', 'SVM__max_iter': -1, 'SVM__tol': 0.07000001}",0.5,0.5,0.49999999999999994,0.49999999999999994,0.49999999999999994,0.5,4.2998752849492583e-17,101,0.49999999999999983,0.49999999999999994,0.49999999999999994,0.49999999999999994,0.49999999999999983,0.4999999999999999,5.551115123125783e-17
0.0370976448059082,0.014496439359771069,0.003500080108642578,0.002074091854387536,1.251,balanced,-1,0.08000001,"{'SVM__C': 1.251, 'SVM__class_weight': 'balanced', 'SVM__max_iter': -1, 'SVM__tol': 0.08000001}",0.5,0.5,0.49999999999999994,0.49999999999999994,0.49999999999999994,0.5,4.2998752849492583e-17,101,0.49999999999999983,0.49999999999999994,0.49999999999999994,0.49999999999999994,0.49999999999999983,0.4999999999999999,5.551115123125783e-17
0.02660079002380371,0.004963656736744778,0.0023992061614990234,0.000799924314082002,1.251,balanced,-1,0.09000000999999999,"{'SVM__C': 1.251, 'SVM__class_weight': 'balanced', 'SVM__max_iter': -1, 'SVM__tol': 0.09000000999999999}",0.5,0.5,0.49999999999999994,0.49999999999999994,0.49999999999999994,0.5,4.2998752849492583e-17,101,0.49999999999999983,0.49999999999999994,0.49999999999999994,0.49999999999999994,0.49999999999999983,0.4999999999999999,5.551115123125783e-17
0.3519012928009033,0.10272562696495974,0.0018990516662597656,0.0001997002557883819,1.251,balanced,272,1e-08,"{'SVM__C': 1.251, 'SVM__class_weight': 'balanced', 'SVM__max_iter': 272, 'SVM__tol': 1e-08}",0.9045538889747953,0.9180918509355189,0.9180918509355187,0.9163677130044843,0.9404205968764496,0.9195051801453533,0.011617525241401513,46,0.9271648368640791,0.9269928096489871,0.9298380238132055,0.9308083346219265,0.9237165610020099,0.9277041131900416,0.0024854419881124258
0.10970010757446289,0.01878753859836395,0.0021993637084960936,0.000245127156203813,1.251,balanced,272,0.01000001,"{'SVM__C': 1.251, 'SVM__class_weight': 'balanced', 'SVM__max_iter': 272, 'SVM__tol': 0.01000001}",0.9050719035101286,0.9192129271687027,0.9180918509355187,0.9180918509355188,0.9392995206432659,0.9199536106386269,0.010983718417301534,8,0.9281351476728001,0.9262815061079325,0.9288464512138548,0.9309378382557599,0.9228544920364928,0.9274110870573681,0.002722536293881054
0.120399808883667,0.021543468030350146,0.0032012462615966797,0.0019381649561918594,1.251,balanced,272,0.020000010000000002,"{'SVM__C': 1.251, 'SVM__class_weight': 'balanced', 'SVM__max_iter': 272, 'SVM__tol': 0.020000010000000002}",0.9084351322096801,0.9192129271687027,0.9141255605381164,0.9180918509355188,0.9392995206432659,0.9198329982990568,0.010438848324525258,12,0.9282646513066335,0.9262815061079325,0.9296447348074841,0.9294939693830215,0.9231560228854181,0.9273681768980978,0.0024260449625528088
0.09739928245544434,0.028117924832228778,0.0022005081176757813,0.00039940073929165557,1.251,balanced,272,0.03000001,"{'SVM__C': 1.251, 'SVM__class_weight': 'balanced', 'SVM__max_iter': 272, 'SVM__tol': 0.03000001}",0.9072290088139787,0.9192129271687027,0.9141255605381164,0.9163677130044843,0.9353332302458636,0.918453687954229,0.00932279778159445,70,0.9276828513994123,0.9262815061079325,0.9296447348074841,0.9307870728312974,0.9214318849543836,0.9271656100201019,0.0032614669737869705
0.07959933280944824,0.020082918614591362,0.00541529655456543,0.0063500190190813955,1.251,balanced,272,0.04000001,"{'SVM__C': 1.251, 'SVM__class_weight': 'balanced', 'SVM__max_iter': 272, 'SVM__tol': 0.04000001}",0.9072290088139787,0.9163677130044844,0.9164527601670016,0.9163677130044843,0.9409386114117828,0.9194711612803462,0.01130570864509116,47,0.9276828513994123,0.9262389825266738,0.9276615896087831,0.9307870728312974,0.9213468377918662,0.9267434668316066,0.003080722372672671
0.07564468383789062,0.01907381585933216,0.0020577430725097655,0.00011022371203559257,1.251,balanced,272,0.050000010000000004,"{'SVM__C': 1.251, 'SVM__class_weight': 'balanced', 'SVM__max_iter': 272, 'SVM__tol': 0.050000010000000004}",0.9089531467450133,0.9163677130044844,0.9164527601670016,0.9163677130044843,0.9409386114117828,0.9198159888665532,0.010947685072864359,17,0.9256997062007112,0.9262389825266738,0.9276615896087831,0.9307870728312974,0.9213468377918662,0.9263468377918663,0.003061851452960411
0.07260031700134277,0.006304567633192251,0.002599668502807617,0.0011997479737751444,1.251,balanced,272,0.06000001,"{'SVM__C': 1.251, 'SVM__class_weight': 'balanced', 'SVM__max_iter': 272, 'SVM__tol': 0.06000001}",0.9089531467450133,0.9163677130044844,0.9164527601670016,0.9163677130044843,0.9409386114117828,0.9198159888665532,0.010947685072864359,17,0.9256997062007112,0.9262389825266738,0.9276615896087831,0.9307870728312974,0.9213468377918662,0.9263468377918663,0.003061851452960411
0.07570114135742187,0.016899943260240847,0.0023000240325927734,0.0005085386806752667,1.251,balanced,272,0.07000001,"{'SVM__C': 1.251, 'SVM__class_weight': 'balanced', 'SVM__max_iter': 272, 'SVM__tol': 0.07000001}",0.9089531467450133,0.9163677130044844,0.9164527601670016,0.9214550796350703,0.9346451213854956,0.919574764187413,0.008526454078297472,41,0.9256997062007112,0.9262389825266738,0.9276615896087831,0.9226612030307715,0.9170577547549095,0.9238638472243699,0.003773691584188444
0.05669898986816406,0.005095185068704629,0.002700996398925781,0.0011657175639393695,1.251,balanced,272,0.08000001,"{'SVM__C': 1.251, 'SVM__class_weight': 'balanced', 'SVM__max_iter': 272, 'SVM__tol': 0.08000001}",0.9038657801144272,0.9094711612803464,0.9078320705118293,0.9214550796350703,0.9346451213854956,0.9154538425854337,0.011247107228792673,75,0.9219711612803462,0.9229627338796967,0.9239117828977887,0.9226612030307715,0.9170577547549095,0.9217129271687025,0.0024097105843366474
0.05830068588256836,0.007676802924058688,0.002298736572265625,0.0005096784463020029,1.251,balanced,272,0.09000000999999999,"{'SVM__C': 1.251, 'SVM__class_weight': 'balanced', 'SVM__max_iter': 272, 'SVM__tol': 0.09000000999999999}",0.9038657801144272,0.9094711612803464,0.9078320705118293,0.9214550796350703,0.9346451213854956,0.9154538425854337,0.011247107228792673,75,0.9219711612803462,0.9229627338796967,0.9239117828977887,0.9226612030307715,0.9170577547549095,0.9217129271687025,0.0024097105843366474
0.028401803970336915,0.004164559277132536,0.0020992279052734373,0.00020065585241464036,1.501,balanced,-1,1e-08,"{'SVM__C': 1.501, 'SVM__class_weight': 'balanced', 'SVM__max_iter': -1, 'SVM__tol': 1e-08}",0.5,0.5,0.49999999999999994,0.49999999999999994,0.49999999999999994,0.5,4.2998752849492583e-17,101,0.49999999999999983,0.49999999999999994,0.49999999999999994,0.49999999999999994,0.49999999999999983,0.4999999999999999,5.551115123125783e-17
0.02680830955505371,0.0034471293018226764,0.005691671371459961,0.004238682414243308,1.501,balanced,-1,0.01000001,"{'SVM__C': 1.501, 'SVM__class_weight': 'balanced', 'SVM__max_iter': -1, 'SVM__tol': 0.01000001}",0.5,0.5,0.49999999999999994,0.49999999999999994,0.49999999999999994,0.5,4.2998752849492583e-17,101,0.49999999999999983,0.49999999999999994,0.49999999999999994,0.49999999999999994,0.49999999999999983,0.4999999999999999,5.551115123125783e-17
0.03529930114746094,0.014048792345403767,0.0035003185272216796,0.0018710627256049049,1.501,balanced,-1,0.020000010000000002,"{'SVM__C': 1.501, 'SVM__class_weight': 'balanced', 'SVM__max_iter': -1, 'SVM__tol': 0.020000010000000002}",0.5,0.5,0.49999999999999994,0.49999999999999994,0.49999999999999994,0.5,4.2998752849492583e-17,101,0.49999999999999983,0.49999999999999994,0.49999999999999994,0.49999999999999994,0.49999999999999983,0.4999999999999999,5.551115123125783e-17
0.03030052185058594,0.006423882399272629,0.004599714279174804,0.0029393759259154647,1.501,balanced,-1,0.03000001,"{'SVM__C': 1.501, 'SVM__class_weight': 'balanced', 'SVM__max_iter': -1, 'SVM__tol': 0.03000001}",0.5,0.5,0.49999999999999994,0.49999999999999994,0.49999999999999994,0.5,4.2998752849492583e-17,101,0.49999999999999983,0.49999999999999994,0.49999999999999994,0.49999999999999994,0.49999999999999983,0.4999999999999999,5.551115123125783e-17
0.023499345779418944,0.0008368275930323586,0.006000423431396484,0.00541323342359945,1.501,balanced,-1,0.04000001,"{'SVM__C': 1.501, 'SVM__class_weight': 'balanced', 'SVM__max_iter': -1, 'SVM__tol': 0.04000001}",0.5,0.5,0.49999999999999994,0.49999999999999994,0.49999999999999994,0.5,4.2998752849492583e-17,101,0.49999999999999983,0.49999999999999994,0.49999999999999994,0.49999999999999994,0.49999999999999983,0.4999999999999999,5.551115123125783e-17
0.02759976387023926,0.005738770824760791,0.002800273895263672,0.0011683143618023183,1.501,balanced,-1,0.050000010000000004,"{'SVM__C': 1.501, 'SVM__class_weight': 'balanced', 'SVM__max_iter': -1, 'SVM__tol': 0.050000010000000004}",0.5,0.5,0.49999999999999994,0.49999999999999994,0.49999999999999994,0.5,4.2998752849492583e-17,101,0.49999999999999983,0.49999999999999994,0.49999999999999994,0.49999999999999994,0.49999999999999983,0.4999999999999999,5.551115123125783e-17
0.028400325775146486,0.006135282924799336,0.0024012088775634765,0.0015619652798694612,1.501,balanced,-1,0.06000001,"{'SVM__C': 1.501, 'SVM__class_weight': 'balanced', 'SVM__max_iter': -1, 'SVM__tol': 0.06000001}",0.5,0.5,0.49999999999999994,0.49999999999999994,0.49999999999999994,0.5,4.2998752849492583e-17,101,0.49999999999999983,0.49999999999999994,0.49999999999999994,0.49999999999999994,0.49999999999999983,0.4999999999999999,5.551115123125783e-17
0.028199434280395508,0.003932597803835253,0.004000473022460938,0.0022804159739395007,1.501,balanced,-1,0.07000001,"{'SVM__C': 1.501, 'SVM__class_weight': 'balanced', 'SVM__max_iter': -1, 'SVM__tol': 0.07000001}",0.5,0.5,0.49999999999999994,0.49999999999999994,0.49999999999999994,0.5,4.2998752849492583e-17,101,0.49999999999999983,0.49999999999999994,0.49999999999999994,0.49999999999999994,0.49999999999999983,0.4999999999999999,5.551115123125783e-17
0.025300216674804688,0.0036258787383801417,0.00579981803894043,0.0041175599564211,1.501,balanced,-1,0.08000001,"{'SVM__C': 1.501, 'SVM__class_weight': 'balanced', 'SVM__max_iter': -1, 'SVM__tol': 0.08000001}",0.5,0.5,0.49999999999999994,0.49999999999999994,0.49999999999999994,0.5,4.2998752849492583e-17,101,0.49999999999999983,0.49999999999999994,0.49999999999999994,0.49999999999999994,0.49999999999999983,0.4999999999999999,5.551115123125783e-17
0.02789626121520996,0.002014672891872578,0.003400087356567383,0.0025578974304126647,1.501,balanced,-1,0.09000000999999999,"{'SVM__C': 1.501, 'SVM__class_weight': 'balanced', 'SVM__max_iter': -1, 'SVM__tol': 0.09000000999999999}",0.5,0.5,0.49999999999999994,0.49999999999999994,0.49999999999999994,0.5,4.2998752849492583e-17,101,0.49999999999999983,0.49999999999999994,0.49999999999999994,0.49999999999999994,0.49999999999999983,0.4999999999999999,5.551115123125783e-17
0.3989123344421387,0.17542886566919227,0.002198028564453125,0.00024369674429882213,1.501,balanced,272,1e-08,"{'SVM__C': 1.501, 'SVM__class_weight': 'balanced', 'SVM__max_iter': 272, 'SVM__tol': 1e-08}",0.9045538889747953,0.9192129271687027,0.9180918509355187,0.9163677130044843,0.9404205968764496,0.9197293953919901,0.011598887995285362,32,0.9275958713468376,0.9279843822483377,0.9298380238132055,0.9308083346219265,0.9241475954847687,0.9280748415030151,0.0022909235284139023
0.1039060115814209,0.021455811411714248,0.002001047134399414,0.00031665861369588474,1.501,balanced,272,0.01000001,"{'SVM__C': 1.501, 'SVM__class_weight': 'balanced', 'SVM__max_iter': 272, 'SVM__tol': 0.01000001}",0.9061929797433123,0.9192129271687027,0.9163677130044843,0.9180918509355188,0.9392995206432659,0.9198329982990568,0.010774227423808016,12,0.9277041131900414,0.9267125405906911,0.9291267202721509,0.9310886036802226,0.9231347610947888,0.927553347765579,0.0026543221549879975
0.12160468101501465,0.029723967656908008,0.0034014701843261717,0.002817014259435017,1.501,balanced,272,0.020000010000000002,"{'SVM__C': 1.501, 'SVM__class_weight': 'balanced', 'SVM__max_iter': 272, 'SVM__tol': 0.020000010000000002}",0.9084351322096801,0.9192129271687027,0.9158496984691511,0.9180918509355188,0.9392995206432659,0.9201778258852636,0.010271758107851756,1,0.9282646513066335,0.9267125405906911,0.9297955002319468,0.9294939693830215,0.9237165610020099,0.9275966445028606,0.0022234085998388475
0.08650612831115723,0.011067461795691918,0.0018994331359863282,0.00037459783297628995,1.501,balanced,272,0.03000001,"{'SVM__C': 1.501, 'SVM__class_weight': 'balanced', 'SVM__max_iter': 272, 'SVM__tol': 0.03000001}",0.9072290088139787,0.9192129271687027,0.9158496984691511,0.9163677130044843,0.9353332302458636,0.918798515540436,0.009187233929423548,69,0.9274025823411162,0.9267125405906911,0.9297955002319468,0.9310673418895932,0.9208713468377917,0.9271698623782278,0.003521900637212596
0.08871264457702636,0.016424105164315396,0.005900335311889648,0.004811450887406102,1.501,balanced,272,0.04000001,"{'SVM__C': 1.501, 'SVM__class_weight': 'balanced', 'SVM__max_iter': 272, 'SVM__tol': 0.04000001}",0.9072290088139787,0.9163677130044844,0.9164527601670016,0.9163677130044843,0.9409386114117828,0.9194711612803462,0.01130570864509116,47,0.9274025823411162,0.9258079480439152,0.9276615896087831,0.9310673418895932,0.9217566104839955,0.9267392144734806,0.0030238094988609774
0.0857060432434082,0.01787020137806908,0.0019007205963134765,0.0003737966721205375,1.501,balanced,272,0.050000010000000004,"{'SVM__C': 1.501, 'SVM__class_weight': 'balanced', 'SVM__max_iter': 272, 'SVM__tol': 0.050000010000000004}",0.9089531467450133,0.9163677130044844,0.9164527601670016,0.9163677130044843,0.9409386114117828,0.9198159888665532,0.010947685072864359,17,0.9256997062007112,0.9258079480439152,0.9276615896087831,0.9310673418895932,0.9217566104839955,0.9263986392453996,0.003025811709886854
0.058600568771362306,0.0047466433446539886,0.0017990589141845704,0.0003995669877510421,1.501,balanced,272,0.06000001,"{'SVM__C': 1.501, 'SVM__class_weight': 'balanced', 'SVM__max_iter': 272, 'SVM__tol': 0.06000001}",0.9089531467450133,0.9163677130044844,0.9164527601670016,0.9163677130044843,0.9409386114117828,0.9198159888665532,0.010947685072864359,17,0.9256997062007112,0.9258079480439152,0.9276615896087831,0.9310673418895932,0.9217566104839955,0.9263986392453996,0.003025811709886854
0.05639925003051758,0.0021769858210367037,0.0020015716552734377,0.00031599014491977777,1.501,balanced,272,0.07000001,"{'SVM__C': 1.501, 'SVM__class_weight': 'balanced', 'SVM__max_iter': 272, 'SVM__tol': 0.07000001}",0.9089531467450133,0.9163677130044844,0.9164527601670016,0.9214550796350703,0.9346451213854956,0.919574764187413,0.008526454078297472,41,0.9256997062007112,0.9258079480439152,0.9276615896087831,0.9226612030307715,0.9170577547549095,0.9237776403278181,0.0037230321784834037
0.06260018348693848,0.014698833648623847,0.0021003246307373046,0.00019975235017571566,1.501,balanced,272,0.08000001,"{'SVM__C': 1.501, 'SVM__class_weight': 'balanced', 'SVM__max_iter': 272, 'SVM__tol': 0.08000001}",0.9038657801144272,0.9094711612803464,0.9078320705118293,0.9214550796350703,0.9346451213854956,0.9154538425854337,0.011247107228792673,75,0.9219711612803462,0.9229627338796967,0.9239117828977887,0.9226612030307715,0.9170577547549095,0.9217129271687025,0.0024097105843366474
0.07050013542175293,0.011789942406877292,0.0018999099731445313,0.00020061199462087663,1.501,balanced,272,0.09000000999999999,"{'SVM__C': 1.501, 'SVM__class_weight': 'balanced', 'SVM__max_iter': 272, 'SVM__tol': 0.09000000999999999}",0.9038657801144272,0.9094711612803464,0.9078320705118293,0.9214550796350703,0.9346451213854956,0.9154538425854337,0.011247107228792673,75,0.9219711612803462,0.9229627338796967,0.9239117828977887,0.9226612030307715,0.9170577547549095,0.9217129271687025,0.0024097105843366474
0.035198974609375,0.011025314245906963,0.003100872039794922,0.0019855011660097175,1.751,balanced,-1,1e-08,"{'SVM__C': 1.751, 'SVM__class_weight': 'balanced', 'SVM__max_iter': -1, 'SVM__tol': 1e-08}",0.5,0.5,0.49999999999999994,0.49999999999999994,0.49999999999999994,0.5,4.2998752849492583e-17,101,0.49999999999999983,0.49999999999999994,0.49999999999999994,0.49999999999999994,0.49999999999999983,0.4999999999999999,5.551115123125783e-17
0.023200559616088866,0.0016006174825746388,0.001902008056640625,0.00020109272835136053,1.751,balanced,-1,0.01000001,"{'SVM__C': 1.751, 'SVM__class_weight': 'balanced', 'SVM__max_iter': -1, 'SVM__tol': 0.01000001}",0.5,0.5,0.49999999999999994,0.49999999999999994,0.49999999999999994,0.5,4.2998752849492583e-17,101,0.49999999999999983,0.49999999999999994,0.49999999999999994,0.49999999999999994,0.49999999999999983,0.4999999999999999,5.551115123125783e-17
0.030296897888183592,0.0053651516319506735,0.0020006179809570314,0.00031621499918300727,1.751,balanced,-1,0.020000010000000002,"{'SVM__C': 1.751, 'SVM__class_weight': 'balanced', 'SVM__max_iter': -1, 'SVM__tol': 0.020000010000000002}",0.5,0.5,0.49999999999999994,0.49999999999999994,0.49999999999999994,0.5,4.2998752849492583e-17,101,0.49999999999999983,0.49999999999999994,0.49999999999999994,0.49999999999999994,0.49999999999999983,0.4999999999999999,5.551115123125783e-17
0.037299299240112306,0.007815259250864988,0.002499294281005859,0.00031643344233542016,1.751,balanced,-1,0.03000001,"{'SVM__C': 1.751, 'SVM__class_weight': 'balanced', 'SVM__max_iter': -1, 'SVM__tol': 0.03000001}",0.5,0.5,0.49999999999999994,0.49999999999999994,0.49999999999999994,0.5,4.2998752849492583e-17,101,0.49999999999999983,0.49999999999999994,0.49999999999999994,0.49999999999999994,0.49999999999999983,0.4999999999999999,5.551115123125783e-17
0.031998634338378906,0.009598459715091653,0.00260014533996582,0.0007361436449216295,1.751,balanced,-1,0.04000001,"{'SVM__C': 1.751, 'SVM__class_weight': 'balanced', 'SVM__max_iter': -1, 'SVM__tol': 0.04000001}",0.5,0.5,0.49999999999999994,0.49999999999999994,0.49999999999999994,0.5,4.2998752849492583e-17,101,0.49999999999999983,0.49999999999999994,0.49999999999999994,0.49999999999999994,0.49999999999999983,0.4999999999999999,5.551115123125783e-17
0.022704076766967774,0.0015000472240123209,0.00189666748046875,0.0001985075094078604,1.751,balanced,-1,0.050000010000000004,"{'SVM__C': 1.751, 'SVM__class_weight': 'balanced', 'SVM__max_iter': -1, 'SVM__tol': 0.050000010000000004}",0.5,0.5,0.49999999999999994,0.49999999999999994,0.49999999999999994,0.5,4.2998752849492583e-17,101,0.49999999999999983,0.49999999999999994,0.49999999999999994,0.49999999999999994,0.49999999999999983,0.4999999999999999,5.551115123125783e-17
0.027297163009643556,0.005919128376686976,0.0024997234344482423,0.0007742947289078926,1.751,balanced,-1,0.06000001,"{'SVM__C': 1.751, 'SVM__class_weight': 'balanced', 'SVM__max_iter': -1, 'SVM__tol': 0.06000001}",0.5,0.5,0.49999999999999994,0.49999999999999994,0.49999999999999994,0.5,4.2998752849492583e-17,101,0.49999999999999983,0.49999999999999994,0.49999999999999994,0.49999999999999994,0.49999999999999983,0.4999999999999999,5.551115123125783e-17
0.029500150680541994,0.007099059986771564,0.0034989833831787108,0.0017029698434199406,1.751,balanced,-1,0.07000001,"{'SVM__C': 1.751, 'SVM__class_weight': 'balanced', 'SVM__max_iter': -1, 'SVM__tol': 0.07000001}",0.5,0.5,0.49999999999999994,0.49999999999999994,0.49999999999999994,0.5,4.2998752849492583e-17,101,0.49999999999999983,0.49999999999999994,0.49999999999999994,0.49999999999999994,0.49999999999999983,0.4999999999999999,5.551115123125783e-17
0.023000335693359374,0.0011829093686315359,0.0033997535705566407,0.002557436830340042,1.751,balanced,-1,0.08000001,"{'SVM__C': 1.751, 'SVM__class_weight': 'balanced', 'SVM__max_iter': -1, 'SVM__tol': 0.08000001}",0.5,0.5,0.49999999999999994,0.49999999999999994,0.49999999999999994,0.5,4.2998752849492583e-17,101,0.49999999999999983,0.49999999999999994,0.49999999999999994,0.49999999999999994,0.49999999999999983,0.4999999999999999,5.551115123125783e-17
0.03559932708740234,0.010215460535965032,0.0028995513916015626,0.0018541525584326397,1.751,balanced,-1,0.09000000999999999,"{'SVM__C': 1.751, 'SVM__class_weight': 'balanced', 'SVM__max_iter': -1, 'SVM__tol': 0.09000000999999999}",0.5,0.5,0.49999999999999994,0.49999999999999994,0.49999999999999994,0.5,4.2998752849492583e-17,101,0.49999999999999983,0.49999999999999994,0.49999999999999994,0.49999999999999994,0.49999999999999983,0.4999999999999999,5.551115123125783e-17
0.4735997676849365,0.1425113233555487,0.002199411392211914,0.00024518988003567556,1.751,balanced,272,1e-08,"{'SVM__C': 1.751, 'SVM__class_weight': 'balanced', 'SVM__max_iter': 272, 'SVM__tol': 1e-08}",0.9062780269058297,0.9192129271687027,0.9180918509355187,0.9163677130044843,0.9404205968764496,0.920074222978197,0.011159926544982057,3,0.9275958713468376,0.9269928096489871,0.9298380238132055,0.9308083346219265,0.9238673264264726,0.9278204731714859,0.0024232485928047634
0.14969978332519532,0.03023392907373829,0.0024005413055419923,0.0007357028338419653,1.751,balanced,272,0.01000001,"{'SVM__C': 1.751, 'SVM__class_weight': 'balanced', 'SVM__max_iter': 272, 'SVM__tol': 0.01000001}",0.9061929797433123,0.9192129271687027,0.9163677130044843,0.9169707747023348,0.9404205968764496,0.9198329982990567,0.01122928613654523,16,0.9277041131900414,0.9267125405906911,0.9286956857893923,0.9302265347147055,0.9230052574609555,0.9272688263491572,0.002427381913963398
0.09240031242370605,0.010350075400068371,0.0019003391265869141,0.00020070469667285483,1.751,balanced,272,0.020000010000000002,"{'SVM__C': 1.751, 'SVM__class_weight': 'balanced', 'SVM__max_iter': 272, 'SVM__tol': 0.020000010000000002}",0.9067109942786454,0.9192129271687027,0.9158496984691511,0.9146435750734497,0.9392995206432659,0.919143343126643,0.010880584906715224,62,0.9282646513066335,0.9267125405906911,0.9293644657491882,0.9294939693830215,0.9234362919437142,0.9274543837946497,0.00224322309849634
0.08059906959533691,0.008974149236972585,0.0018004417419433595,0.00024500924241290244,1.751,balanced,272,0.03000001,"{'SVM__C': 1.751, 'SVM__class_weight': 'balanced', 'SVM__max_iter': 272, 'SVM__tol': 0.03000001}",0.9072290088139787,0.9192129271687027,0.9158496984691511,0.9163677130044843,0.9370573681768981,0.919143343126643,0.009812448371929058,62,0.9274025823411162,0.9267125405906911,0.9293644657491882,0.9307870728312974,0.9208713468377917,0.927027601670017,0.0033980554640476537
0.06579985618591308,0.0018874660032290776,0.0019012451171875,0.00019985431384726514,1.751,balanced,272,0.04000001,"{'SVM__C': 1.751, 'SVM__class_weight': 'balanced', 'SVM__max_iter': 272, 'SVM__tol': 0.04000001}",0.9089531467450133,0.9163677130044844,0.9164527601670016,0.9163677130044843,0.9409386114117828,0.9198159888665532,0.010947685072864359,17,0.9256997062007112,0.9258079480439152,0.9276615896087831,0.9307870728312974,0.9217566104839955,0.9263425854337404,0.002940188338435817
0.0716015338897705,0.004316122110734032,0.0018980026245117188,0.00037327431019188205,1.751,balanced,272,0.050000010000000004,"{'SVM__C': 1.751, 'SVM__class_weight': 'balanced', 'SVM__max_iter': 272, 'SVM__tol': 0.050000010000000004}",0.9089531467450133,0.9163677130044844,0.9164527601670016,0.9163677130044843,0.9409386114117828,0.9198159888665532,0.010947685072864359,17,0.9256997062007112,0.9258079480439152,0.9276615896087831,0.9307870728312974,0.9217566104839955,0.9263425854337404,0.002940188338435817
0.0811007022857666,0.015233896958800985,0.002600240707397461,0.0019590039466656373,1.751,balanced,272,0.06000001,"{'SVM__C': 1.751, 'SVM__class_weight': 'balanced', 'SVM__max_iter': 272, 'SVM__tol': 0.06000001}",0.9089531467450133,0.9163677130044844,0.9164527601670016,0.9163677130044843,0.9409386114117828,0.9198159888665532,0.010947685072864359,17,0.9256997062007112,0.9258079480439152,0.9276615896087831,0.9307870728312974,0.9217566104839955,0.9263425854337404,0.002940188338435817
0.07830009460449219,0.01489558834893514,0.0022998332977294924,0.00024337636826197572,1.751,balanced,272,0.07000001,"{'SVM__C': 1.751, 'SVM__class_weight': 'balanced', 'SVM__max_iter': 272, 'SVM__tol': 0.07000001}",0.9089531467450133,0.9163677130044844,0.9164527601670016,0.9214550796350703,0.9346451213854956,0.919574764187413,0.008526454078297472,41,0.9256997062007112,0.9258079480439152,0.9276615896087831,0.9226612030307715,0.9170577547549095,0.9237776403278181,0.0037230321784834037
0.057400083541870116,0.007136805386453476,0.002601814270019531,0.0015622305626105798,1.751,balanced,272,0.08000001,"{'SVM__C': 1.751, 'SVM__class_weight': 'balanced', 'SVM__max_iter': 272, 'SVM__tol': 0.08000001}",0.9038657801144272,0.9094711612803464,0.9078320705118293,0.9214550796350703,0.9346451213854956,0.9154538425854337,0.011247107228792673,75,0.9219711612803462,0.9229627338796967,0.9239117828977887,0.9226612030307715,0.9170577547549095,0.9217129271687025,0.0024097105843366474
0.05829887390136719,0.007573464239864399,0.001999568939208984,0.0004471284361441599,1.751,balanced,272,0.09000000999999999,"{'SVM__C': 1.751, 'SVM__class_weight': 'balanced', 'SVM__max_iter': 272, 'SVM__tol': 0.09000000999999999}",0.9038657801144272,0.9094711612803464,0.9078320705118293,0.9214550796350703,0.9346451213854956,0.9154538425854337,0.011247107228792673,75,0.9219711612803462,0.9229627338796967,0.9239117828977887,0.9226612030307715,0.9170577547549095,0.9217129271687025,0.0024097105843366474
0.030800771713256837,0.0016919693683117097,0.0018994808197021484,0.0003740474008245207,2.001,balanced,-1,1e-08,"{'SVM__C': 2.001, 'SVM__class_weight': 'balanced', 'SVM__max_iter': -1, 'SVM__tol': 1e-08}",0.5,0.5,0.49999999999999994,0.49999999999999994,0.49999999999999994,0.5,4.2998752849492583e-17,101,0.49999999999999983,0.49999999999999994,0.49999999999999994,0.49999999999999994,0.49999999999999983,0.4999999999999999,5.551115123125783e-17
0.029499578475952148,0.0047217484819193686,0.0024005413055419923,0.0004897661420349247,2.001,balanced,-1,0.01000001,"{'SVM__C': 2.001, 'SVM__class_weight': 'balanced', 'SVM__max_iter': -1, 'SVM__tol': 0.01000001}",0.5,0.5,0.49999999999999994,0.49999999999999994,0.49999999999999994,0.5,4.2998752849492583e-17,101,0.49999999999999983,0.49999999999999994,0.49999999999999994,0.49999999999999994,0.49999999999999983,0.4999999999999999,5.551115123125783e-17
0.024599170684814452,0.002456677531942151,0.0021010398864746093,0.0003750971727929386,2.001,balanced,-1,0.020000010000000002,"{'SVM__C': 2.001, 'SVM__class_weight': 'balanced', 'SVM__max_iter': -1, 'SVM__tol': 0.020000010000000002}",0.5,0.5,0.49999999999999994,0.49999999999999994,0.49999999999999994,0.5,4.2998752849492583e-17,101,0.49999999999999983,0.49999999999999994,0.49999999999999994,0.49999999999999994,0.49999999999999983,0.4999999999999999,5.551115123125783e-17
0.03880014419555664,0.012241841555523906,0.0018998146057128905,0.0005835775919547661,2.001,balanced,-1,0.03000001,"{'SVM__C': 2.001, 'SVM__class_weight': 'balanced', 'SVM__max_iter': -1, 'SVM__tol': 0.03000001}",0.5,0.5,0.49999999999999994,0.49999999999999994,0.49999999999999994,0.5,4.2998752849492583e-17,101,0.49999999999999983,0.49999999999999994,0.49999999999999994,0.49999999999999994,0.49999999999999983,0.4999999999999999,5.551115123125783e-17
0.02379951477050781,0.0012886941931250315,0.002200412750244141,0.0004002826104029529,2.001,balanced,-1,0.04000001,"{'SVM__C': 2.001, 'SVM__class_weight': 'balanced', 'SVM__max_iter': -1, 'SVM__tol': 0.04000001}",0.5,0.5,0.49999999999999994,0.49999999999999994,0.49999999999999994,0.5,4.2998752849492583e-17,101,0.49999999999999983,0.49999999999999994,0.49999999999999994,0.49999999999999994,0.49999999999999983,0.4999999999999999,5.551115123125783e-17
0.028600406646728516,0.004974744215432197,0.005000925064086914,0.0052899890608781456,2.001,balanced,-1,0.050000010000000004,"{'SVM__C': 2.001, 'SVM__class_weight': 'balanced', 'SVM__max_iter': -1, 'SVM__tol': 0.050000010000000004}",0.5,0.5,0.49999999999999994,0.49999999999999994,0.49999999999999994,0.5,4.2998752849492583e-17,101,0.49999999999999983,0.49999999999999994,0.49999999999999994,0.49999999999999994,0.49999999999999983,0.4999999999999999,5.551115123125783e-17
0.025698423385620117,0.0008704488943750819,0.002601146697998047,0.0012817508939565255,2.001,balanced,-1,0.06000001,"{'SVM__C': 2.001, 'SVM__class_weight': 'balanced', 'SVM__max_iter': -1, 'SVM__tol': 0.06000001}",0.5,0.5,0.49999999999999994,0.49999999999999994,0.49999999999999994,0.5,4.2998752849492583e-17,101,0.49999999999999983,0.49999999999999994,0.49999999999999994,0.49999999999999994,0.49999999999999983,0.4999999999999999,5.551115123125783e-17
0.024999189376831054,0.0008945525632787591,0.0016997337341308593,0.00024505293901624117,2.001,balanced,-1,0.07000001,"{'SVM__C': 2.001, 'SVM__class_weight': 'balanced', 'SVM__max_iter': -1, 'SVM__tol': 0.07000001}",0.5,0.5,0.49999999999999994,0.49999999999999994,0.49999999999999994,0.5,4.2998752849492583e-17,101,0.49999999999999983,0.49999999999999994,0.49999999999999994,0.49999999999999994,0.49999999999999983,0.4999999999999999,5.551115123125783e-17
0.027600574493408202,0.0029380815241493545,0.002004241943359375,0.0003166770883362702,2.001,balanced,-1,0.08000001,"{'SVM__C': 2.001, 'SVM__class_weight': 'balanced', 'SVM__max_iter': -1, 'SVM__tol': 0.08000001}",0.5,0.5,0.49999999999999994,0.49999999999999994,0.49999999999999994,0.5,4.2998752849492583e-17,101,0.49999999999999983,0.49999999999999994,0.49999999999999994,0.49999999999999994,0.49999999999999983,0.4999999999999999,5.551115123125783e-17
0.02899956703186035,0.005128032086150602,0.0017990589141845704,0.0004004602516634572,2.001,balanced,-1,0.09000000999999999,"{'SVM__C': 2.001, 'SVM__class_weight': 'balanced', 'SVM__max_iter': -1, 'SVM__tol': 0.09000000999999999}",0.5,0.5,0.49999999999999994,0.49999999999999994,0.49999999999999994,0.5,4.2998752849492583e-17,101,0.49999999999999983,0.49999999999999994,0.49999999999999994,0.49999999999999994,0.49999999999999983,0.4999999999999999,5.551115123125783e-17
0.5874014854431152,0.5057695585343079,0.0023987293243408203,0.0005837309341502978,2.001,balanced,272,1e-08,"{'SVM__C': 2.001, 'SVM__class_weight': 'balanced', 'SVM__max_iter': 272, 'SVM__tol': 1e-08}",0.9045538889747953,0.9192129271687027,0.9180918509355187,0.9163677130044843,0.9404205968764496,0.9197293953919901,0.011598887995285362,32,0.9275958713468376,0.9269928096489871,0.9298380238132055,0.9308083346219265,0.923436291943714,0.927734266274934,0.002565820976526781
0.1320009708404541,0.06071802661100374,0.0017986297607421875,0.0003976850200799366,2.001,balanced,272,0.01000001,"{'SVM__C': 2.001, 'SVM__class_weight': 'balanced', 'SVM__max_iter': 272, 'SVM__tol': 0.01000001}",0.9061929797433123,0.9203340034018868,0.9163677130044843,0.9163677130044843,0.9404205968764496,0.9199366012061233,0.011261554635411421,11,0.9277041131900414,0.927273078707283,0.9286956857893923,0.9312181073140559,0.9225742229781968,0.9274930415957939,0.0028146111328141415
0.08650035858154297,0.010338952896454973,0.0019001007080078126,0.00019903565683236153,2.001,balanced,272,0.020000010000000002,"{'SVM__C': 2.001, 'SVM__class_weight': 'balanced', 'SVM__max_iter': 272, 'SVM__tol': 0.020000010000000002}",0.9067109942786454,0.9203340034018868,0.9158496984691511,0.9146435750734497,0.9392995206432659,0.9193675583732798,0.010891254355024565,55,0.9282646513066335,0.927273078707283,0.9293644657491882,0.9287826658419669,0.9238673264264726,0.9275104376063089,0.0019469679843051352
0.10030107498168946,0.02176558973900431,0.002599811553955078,0.0006645794379792939,2.001,balanced,272,0.03000001,"{'SVM__C': 2.001, 'SVM__class_weight': 'balanced', 'SVM__max_iter': 272, 'SVM__tol': 0.03000001}",0.9072290088139787,0.9203340034018868,0.9158496984691511,0.9163677130044843,0.9370573681768981,0.9193675583732798,0.009824277915723661,55,0.9274025823411162,0.927273078707283,0.9293644657491882,0.9283303695685788,0.9203108087211997,0.9265362610174732,0.0032021004585939218
0.0881995677947998,0.028042364920886385,0.002400636672973633,0.0013203225176368317,2.001,balanced,272,0.04000001,"{'SVM__C': 2.001, 'SVM__class_weight': 'balanced', 'SVM__max_iter': 272, 'SVM__tol': 0.04000001}",0.9089531467450133,0.9163677130044844,0.9164527601670016,0.9163677130044843,0.9409386114117828,0.9198159888665532,0.010947685072864359,17,0.9256997062007112,0.9258079480439152,0.9276615896087831,0.9307870728312974,0.9217566104839955,0.9263425854337404,0.002940188338435817
0.08510022163391114,0.009356903497886678,0.002599811553955078,0.0003732513817240842,2.001,balanced,272,0.050000010000000004,"{'SVM__C': 2.001, 'SVM__class_weight': 'balanced', 'SVM__max_iter': 272, 'SVM__tol': 0.050000010000000004}",0.9089531467450133,0.9163677130044844,0.9164527601670016,0.9163677130044843,0.9409386114117828,0.9198159888665532,0.010947685072864359,17,0.9256997062007112,0.9258079480439152,0.9276615896087831,0.9307870728312974,0.9217566104839955,0.9263425854337404,0.002940188338435817
0.08260011672973633,0.013450700030040176,0.0030004501342773436,0.0012662912334418504,2.001,balanced,272,0.06000001,"{'SVM__C': 2.001, 'SVM__class_weight': 'balanced', 'SVM__max_iter': 272, 'SVM__tol': 0.06000001}",0.9089531467450133,0.9163677130044844,0.9164527601670016,0.9163677130044843,0.9409386114117828,0.9198159888665532,0.010947685072864359,17,0.9256997062007112,0.9258079480439152,0.9276615896087831,0.9307870728312974,0.9217566104839955,0.9263425854337404,0.002940188338435817
0.0891411304473877,0.02783118588668941,0.002059602737426758,0.0005028753155765631,2.001,balanced,272,0.07000001,"{'SVM__C': 2.001, 'SVM__class_weight': 'balanced', 'SVM__max_iter': 272, 'SVM__tol': 0.07000001}",0.9089531467450133,0.9163677130044844,0.9164527601670016,0.9214550796350703,0.9346451213854956,0.919574764187413,0.008526454078297472,41,0.9256997062007112,0.9258079480439152,0.9276615896087831,0.9226612030307715,0.9170577547549095,0.9237776403278181,0.0037230321784834037
0.08930115699768067,0.03501479222939199,0.0019976615905761717,0.00044532476516966996,2.001,balanced,272,0.08000001,"{'SVM__C': 2.001, 'SVM__class_weight': 'balanced', 'SVM__max_iter': 272, 'SVM__tol': 0.08000001}",0.9038657801144272,0.9094711612803464,0.9078320705118293,0.9214550796350703,0.9346451213854956,0.9154538425854337,0.011247107228792673,75,0.9215401267975877,0.9229627338796967,0.9239117828977887,0.9226612030307715,0.9170577547549095,0.9216267202721508,0.0024066384218696417
0.07210211753845215,0.034084005717750235,0.002298259735107422,0.00024728517571465135,2.001,balanced,272,0.09000000999999999,"{'SVM__C': 2.001, 'SVM__class_weight': 'balanced', 'SVM__max_iter': 272, 'SVM__tol': 0.09000000999999999}",0.9038657801144272,0.9094711612803464,0.9078320705118293,0.9214550796350703,0.9346451213854956,0.9154538425854337,0.011247107228792673,75,0.9215401267975877,0.9229627338796967,0.9239117828977887,0.9226612030307715,0.9170577547549095,0.9216267202721508,0.0024066384218696417
0.02519955635070801,0.003736027693236577,0.0017005443572998048,0.0002444890449255661,2.251,balanced,-1,1e-08,"{'SVM__C': 2.251, 'SVM__class_weight': 'balanced', 'SVM__max_iter': -1, 'SVM__tol': 1e-08}",0.5,0.5,0.49999999999999994,0.49999999999999994,0.49999999999999994,0.5,4.2998752849492583e-17,101,0.49999999999999983,0.49999999999999994,0.49999999999999994,0.49999999999999994,0.49999999999999983,0.4999999999999999,5.551115123125783e-17
0.0240020751953125,0.0013017057485483034,0.001897287368774414,0.00037303917173202913,2.251,balanced,-1,0.01000001,"{'SVM__C': 2.251, 'SVM__class_weight': 'balanced', 'SVM__max_iter': -1, 'SVM__tol': 0.01000001}",0.5,0.5,0.49999999999999994,0.49999999999999994,0.49999999999999994,0.5,4.2998752849492583e-17,101,0.49999999999999983,0.49999999999999994,0.49999999999999994,0.49999999999999994,0.49999999999999983,0.4999999999999999,5.551115123125783e-17
0.0254976749420166,0.0017026645691706848,0.002700614929199219,0.0014358841726381862,2.251,balanced,-1,0.020000010000000002,"{'SVM__C': 2.251, 'SVM__class_weight': 'balanced', 'SVM__max_iter': -1, 'SVM__tol': 0.020000010000000002}",0.5,0.5,0.49999999999999994,0.49999999999999994,0.49999999999999994,0.5,4.2998752849492583e-17,101,0.49999999999999983,0.49999999999999994,0.49999999999999994,0.49999999999999994,0.49999999999999983,0.4999999999999999,5.551115123125783e-17
0.033299827575683595,0.009841559725589547,0.0017999649047851563,0.0002449122450380477,2.251,balanced,-1,0.03000001,"{'SVM__C': 2.251, 'SVM__class_weight': 'balanced', 'SVM__max_iter': -1, 'SVM__tol': 0.03000001}",0.5,0.5,0.49999999999999994,0.49999999999999994,0.49999999999999994,0.5,4.2998752849492583e-17,101,0.49999999999999983,0.49999999999999994,0.49999999999999994,0.49999999999999994,0.49999999999999983,0.4999999999999999,5.551115123125783e-17
0.025899934768676757,0.0036109023812863415,0.005496168136596679,0.004559721028068058,2.251,balanced,-1,0.04000001,"{'SVM__C': 2.251, 'SVM__class_weight': 'balanced', 'SVM__max_iter': -1, 'SVM__tol': 0.04000001}",0.5,0.5,0.49999999999999994,0.49999999999999994,0.49999999999999994,0.5,4.2998752849492583e-17,101,0.49999999999999983,0.49999999999999994,0.49999999999999994,0.49999999999999994,0.49999999999999983,0.4999999999999999,5.551115123125783e-17
0.029296445846557616,0.008472340747483927,0.0019014835357666015,0.0005825550532487007,2.251,balanced,-1,0.050000010000000004,"{'SVM__C': 2.251, 'SVM__class_weight': 'balanced', 'SVM__max_iter': -1, 'SVM__tol': 0.050000010000000004}",0.5,0.5,0.49999999999999994,0.49999999999999994,0.49999999999999994,0.5,4.2998752849492583e-17,101,0.49999999999999983,0.49999999999999994,0.49999999999999994,0.49999999999999994,0.49999999999999983,0.4999999999999999,5.551115123125783e-17
0.03339781761169434,0.008733459124393397,0.002100086212158203,0.00037318576831016424,2.251,balanced,-1,0.06000001,"{'SVM__C': 2.251, 'SVM__class_weight': 'balanced', 'SVM__max_iter': -1, 'SVM__tol': 0.06000001}",0.5,0.5,0.49999999999999994,0.49999999999999994,0.49999999999999994,0.5,4.2998752849492583e-17,101,0.49999999999999983,0.49999999999999994,0.49999999999999994,0.49999999999999994,0.49999999999999983,0.4999999999999999,5.551115123125783e-17
0.031200933456420898,0.010474218683764424,0.0025994300842285155,0.001238277605635389,2.251,balanced,-1,0.07000001,"{'SVM__C': 2.251, 'SVM__class_weight': 'balanced', 'SVM__max_iter': -1, 'SVM__tol': 0.07000001}",0.5,0.5,0.49999999999999994,0.49999999999999994,0.49999999999999994,0.5,4.2998752849492583e-17,101,0.49999999999999983,0.49999999999999994,0.49999999999999994,0.49999999999999994,0.49999999999999983,0.4999999999999999,5.551115123125783e-17
0.03310294151306152,0.006345642983369867,0.0033966064453125,0.001394355878372268,2.251,balanced,-1,0.08000001,"{'SVM__C': 2.251, 'SVM__class_weight': 'balanced', 'SVM__max_iter': -1, 'SVM__tol': 0.08000001}",0.5,0.5,0.49999999999999994,0.49999999999999994,0.49999999999999994,0.5,4.2998752849492583e-17,101,0.49999999999999983,0.49999999999999994,0.49999999999999994,0.49999999999999994,0.49999999999999983,0.4999999999999999,5.551115123125783e-17
0.02790203094482422,0.0023523354621181563,0.0025986671447753907,0.0008604701728231378,2.251,balanced,-1,0.09000000999999999,"{'SVM__C': 2.251, 'SVM__class_weight': 'balanced', 'SVM__max_iter': -1, 'SVM__tol': 0.09000000999999999}",0.5,0.5,0.49999999999999994,0.49999999999999994,0.49999999999999994,0.5,4.2998752849492583e-17,101,0.49999999999999983,0.49999999999999994,0.49999999999999994,0.49999999999999994,0.49999999999999983,0.4999999999999999,5.551115123125783e-17
0.4059095859527588,0.2471878996201888,0.0019963264465332033,9.99471613249869e-06,2.251,balanced,272,1e-08,"{'SVM__C': 2.251, 'SVM__class_weight': 'balanced', 'SVM__max_iter': 272, 'SVM__tol': 1e-08}",0.9045538889747953,0.9192129271687027,0.9180918509355187,0.9163677130044843,0.9404205968764496,0.9197293953919901,0.011598887995285362,32,0.9275958713468375,0.9267125405906912,0.9298380238132055,0.9305280655636305,0.923436291943714,0.9276221586516158,0.0025180917191839985
0.12120299339294434,0.05204379801730791,0.0022003650665283203,0.0008123050380199141,2.251,balanced,272,0.01000001,"{'SVM__C': 2.251, 'SVM__class_weight': 'balanced', 'SVM__max_iter': 272, 'SVM__tol': 0.01000001}",0.9061929797433123,0.9203340034018868,0.9163677130044843,0.9169707747023348,0.9404205968764496,0.9200572135456935,0.011225858463425196,7,0.9277041131900414,0.927273078707283,0.9286956857893923,0.9309378382557599,0.9217121540126796,0.9272645739910313,0.003051674490885446
0.1188016414642334,0.028241761539301784,0.0030988216400146484,0.0017148664151082817,2.251,balanced,272,0.020000010000000002,"{'SVM__C': 2.251, 'SVM__class_weight': 'balanced', 'SVM__max_iter': 272, 'SVM__tol': 0.020000010000000002}",0.9067109942786454,0.9203340034018868,0.9158496984691511,0.9180918509355188,0.9392995206432659,0.9200572135456936,0.010677362943112008,5,0.9282646513066335,0.927273078707283,0.9293644657491882,0.9294939693830215,0.9238673264264726,0.9276526983145198,0.0020575745303471286
0.09120392799377441,0.02637347201212562,0.001598691940307617,0.0001992735288522958,2.251,balanced,272,0.03000001,"{'SVM__C': 2.251, 'SVM__class_weight': 'balanced', 'SVM__max_iter': 272, 'SVM__tol': 0.03000001}",0.9072290088139787,0.9203340034018868,0.9158496984691511,0.9163677130044843,0.9370573681768981,0.9193675583732798,0.009824277915723661,55,0.9274025823411162,0.927273078707283,0.9293644657491882,0.9283303695685788,0.9203108087211997,0.9265362610174732,0.0032021004585939218
0.06839933395385742,0.013535780350932274,0.0028998851776123047,0.0023117228505846687,2.251,balanced,272,0.04000001,"{'SVM__C': 2.251, 'SVM__class_weight': 'balanced', 'SVM__max_iter': 272, 'SVM__tol': 0.04000001}",0.9089531467450133,0.9163677130044844,0.9164527601670016,0.9163677130044843,0.9409386114117828,0.9198159888665532,0.010947685072864359,17,0.9256997062007112,0.9258079480439152,0.9276615896087831,0.9307870728312974,0.9217566104839955,0.9263425854337404,0.002940188338435817
0.060401201248168945,0.004080064496082928,0.0031002044677734377,0.0017134663112149816,2.251,balanced,272,0.050000010000000004,"{'SVM__C': 2.251, 'SVM__class_weight': 'balanced', 'SVM__max_iter': 272, 'SVM__tol': 0.050000010000000004}",0.9089531467450133,0.9163677130044844,0.9164527601670016,0.9163677130044843,0.9409386114117828,0.9198159888665532,0.010947685072864359,17,0.9256997062007112,0.9258079480439152,0.9276615896087831,0.9307870728312974,0.9217566104839955,0.9263425854337404,0.002940188338435817
0.058200645446777347,0.002924315204748152,0.0019994735717773437,1.628243549248111e-06,2.251,balanced,272,0.06000001,"{'SVM__C': 2.251, 'SVM__class_weight': 'balanced', 'SVM__max_iter': 272, 'SVM__tol': 0.06000001}",0.9089531467450133,0.9163677130044844,0.9164527601670016,0.9163677130044843,0.9409386114117828,0.9198159888665532,0.010947685072864359,17,0.9256997062007112,0.9258079480439152,0.9276615896087831,0.9307870728312974,0.9217566104839955,0.9263425854337404,0.002940188338435817
0.05639972686767578,0.00581686818312359,0.001800537109375,0.0002442115349162701,2.251,balanced,272,0.07000001,"{'SVM__C': 2.251, 'SVM__class_weight': 'balanced', 'SVM__max_iter': 272, 'SVM__tol': 0.07000001}",0.9089531467450133,0.9163677130044844,0.9164527601670016,0.9214550796350703,0.9346451213854956,0.919574764187413,0.008526454078297472,41,0.9256997062007112,0.9258079480439152,0.9276615896087831,0.9226612030307715,0.9170577547549095,0.9237776403278181,0.0037230321784834037
0.057399320602416995,0.012276053691450012,0.002201223373413086,0.0005104989887828726,2.251,balanced,272,0.08000001,"{'SVM__C': 2.251, 'SVM__class_weight': 'balanced', 'SVM__max_iter': 272, 'SVM__tol': 0.08000001}",0.9038657801144272,0.9094711612803464,0.9078320705118293,0.9214550796350703,0.9346451213854956,0.9154538425854337,0.011247107228792673,75,0.9215401267975877,0.9229627338796967,0.9239117828977887,0.9226612030307715,0.9170577547549095,0.9216267202721508,0.0024066384218696417
0.04409875869750977,0.011753378538855313,0.001999521255493164,0.00031680963901920515,2.251,balanced,272,0.09000000999999999,"{'SVM__C': 2.251, 'SVM__class_weight': 'balanced', 'SVM__max_iter': 272, 'SVM__tol': 0.09000000999999999}",0.9038657801144272,0.9094711612803464,0.9078320705118293,0.9214550796350703,0.9346451213854956,0.9154538425854337,0.011247107228792673,75,0.9215401267975877,0.9229627338796967,0.9239117828977887,0.9226612030307715,0.9170577547549095,0.9216267202721508,0.0024066384218696417
